{
  "summary": {
    "successRate": 1.0,
    "total": 0.065563126,
    "slowest": 0.064272995,
    "fastest": 0.02703175,
    "average": 0.0425042213,
    "requestsPerSec": 152.52475911536007,
    "totalData": 20,
    "sizePerRequest": 2,
    "sizePerSec": 305.04951823072014
  },
  "responseTimeHistogram": {
    "0.02703175": 1,
    "0.0307558745": 2,
    "0.034479999": 1,
    "0.0382041235": 1,
    "0.041928248": 0,
    "0.045652372499999996": 1,
    "0.049376497": 0,
    "0.0531006215": 1,
    "0.056824745999999995": 2,
    "0.0605488705": 0,
    "0.064272995": 1
  },
  "latencyPercentiles": {
    "p10": 0.027342326,
    "p25": 0.029034409,
    "p50": 0.044908657,
    "p75": 0.053187005,
    "p90": 0.064272995,
    "p95": 0.064272995,
    "p99": 0.064272995,
    "p99.9": 0.064272995,
    "p99.99": 0.064272995
  },
  "rps": {
    "mean": 221.9114147946224,
    "stddev": 133.38711425126348,
    "max": 435.9435453108821,
    "min": 35.60114907692807,
    "percentiles": {
      "p10": 35.60114907692807,
      "p25": 124.95560951971807,
      "p50": 239.53584659932758,
      "p75": 312.9667116086863,
      "p90": 435.9435453108821,
      "p95": 435.9435453108821,
      "p99": 435.9435453108821,
      "p99.9": 435.9435453108821,
      "p99.99": 435.9435453108821
    }
  },
  "details": {
    "DNSDialup": {
      "average": 0.0002203485,
      "fastest": 0.000080621,
      "slowest": 0.000448219
    },
    "DNSLookup": {
      "average": 3.3965e-6,
      "fastest": 1.242e-6,
      "slowest": 0.000011311
    }
  },
  "statusCodeDistribution": {
    "202": 10
  },
  "errorDistribution": {}
}