{
  "summary": {
    "successRate": 1.0,
    "total": 0.002593863,
    "slowest": 0.001634567,
    "fastest": 0.000743538,
    "average": 0.0011063862,
    "requestsPerSec": 3855.2537277412107,
    "totalData": 20,
    "sizePerRequest": 2,
    "sizePerSec": 7710.507455482421
  },
  "responseTimeHistogram": {
    "0.000743538": 1,
    "0.0008326408999999999": 1,
    "0.0009217438": 2,
    "0.0010108467": 1,
    "0.0010999496": 1,
    "0.0011890525": 0,
    "0.0012781554": 1,
    "0.0013672583": 1,
    "0.0014563611999999998": 0,
    "0.0015454641": 1,
    "0.001634567": 1
  },
  "latencyPercentiles": {
    "p10": 0.000811174,
    "p25": 0.000857925,
    "p50": 0.001098044,
    "p75": 0.001366956,
    "p90": 0.001634567,
    "p95": 0.001634567,
    "p99": 0.001634567,
    "p99.9": 0.001634567,
    "p99.99": 0.001634567
  },
  "rps": {
    "mean": 4078.691001224831,
    "stddev": null,
    "max": 4078.691001224831,
    "min": 4078.691001224831,
    "percentiles": {
      "p10": 4078.691001224831,
      "p25": 4078.691001224831,
      "p50": 4078.691001224831,
      "p75": 4078.691001224831,
      "p90": 4078.691001224831,
      "p95": 4078.691001224831,
      "p99": 4078.691001224831,
      "p99.9": 4078.691001224831,
      "p99.99": 4078.691001224831
    }
  },
  "details": {
    "DNSDialup": {
      "average": 0.00022216259999999997,
      "fastest": 0.000081843,
      "slowest": 0.000477393
    },
    "DNSLookup": {
      "average": 3.4395e-6,
      "fastest": 1.122e-6,
      "slowest": 0.00001061
    }
  },
  "statusCodeDistribution": {
    "202": 10
  },
  "errorDistribution": {}
}