{
  "summary": {
    "successRate": 1.0,
    "total": 0.082603579,
    "slowest": 0.081261737,
    "fastest": 0.023442504,
    "average": 0.045506113,
    "requestsPerSec": 121.06012985224285,
    "totalData": 20,
    "sizePerRequest": 2,
    "sizePerSec": 242.1202597044857
  },
  "responseTimeHistogram": {
    "0.023442504": 1,
    "0.0292244273": 1,
    "0.0350063506": 2,
    "0.040788273900000005": 0,
    "0.046570197199999996": 1,
    "0.0523521205": 3,
    "0.05813404380000001": 0,
    "0.0639159671": 0,
    "0.0696978904": 1,
    "0.0754798137": 0,
    "0.081261737": 1
  },
  "latencyPercentiles": {
    "p10": 0.029010122,
    "p25": 0.029404411,
    "p50": 0.048524418,
    "p75": 0.051844519,
    "p90": 0.081261737,
    "p95": 0.081261737,
    "p99": 0.081261737,
    "p99.9": 0.081261737,
    "p99.99": 0.081261737
  },
  "rps": {
    "mean": 188.26820045839855,
    "stddev": 198.35059602433282,
    "max": 468.4854521212554,
    "min": 41.37930121284387,
    "percentiles": {
      "p10": 41.37930121284387,
      "p25": 66.17950608646298,
      "p50": 68.87832678013454,
      "p75": 417.8552908628004,
      "p90": 468.4854521212554,
      "p95": 468.4854521212554,
      "p99": 468.4854521212554,
      "p99.9": 468.4854521212554,
      "p99.99": 468.4854521212554
    }
  },
  "details": {
    "DNSDialup": {
      "average": 0.00020458580000000002,
      "fastest": 0.000079469,
      "slowest": 0.000420968
    },
    "DNSLookup": {
      "average": 3.1939e-6,
      "fastest": 1.052e-6,
      "slowest": 0.000011171
    }
  },
  "statusCodeDistribution": {
    "202": 10
  },
  "errorDistribution": {}
}