{
  "summary": {
    "successRate": 1.0,
    "total": 0.004787529,
    "slowest": 0.001898248,
    "fastest": 0.000863923,
    "average": 0.0013750918,
    "requestsPerSec": 2088.760193410839,
    "totalData": 140,
    "sizePerRequest": 14,
    "sizePerSec": 29242.642707751747
  },
  "responseTimeHistogram": {
    "0.000863923": 1,
    "0.0009673555": 0,
    "0.001070788": 1,
    "0.0011742204999999999": 0,
    "0.001277653": 2,
    "0.0013810855": 2,
    "0.001484518": 1,
    "0.0015879505": 0,
    "0.0016913829999999999": 0,
    "0.0017948155000000001": 2,
    "0.001898248": 1
  },
  "latencyPercentiles": {
    "p10": 0.001068396,
    "p25": 0.001207506,
    "p50": 0.001324425,
    "p75": 0.00173366,
    "p90": 0.001898248,
    "p95": 0.001898248,
    "p99": 0.001898248,
    "p99.9": 0.001898248,
    "p99.99": 0.001898248
  },
  "rps": {
    "mean": 3411.8816732140676,
    "stddev": null,
    "max": 3411.8816732140676,
    "min": 3411.8816732140676,
    "percentiles": {
      "p10": 3411.8816732140676,
      "p25": 3411.8816732140676,
      "p50": 3411.8816732140676,
      "p75": 3411.8816732140676,
      "p90": 3411.8816732140676,
      "p95": 3411.8816732140676,
      "p99": 3411.8816732140676,
      "p99.9": 3411.8816732140676,
      "p99.99": 3411.8816732140676
    }
  },
  "details": {
    "DNSDialup": {
      "average": 0.0003069552,
      "fastest": 0.000111538,
      "slowest": 0.000611855
    },
    "DNSLookup": {
      "average": 6.0521e-6,
      "fastest": 2.184e-6,
      "slowest": 0.00002675
    }
  },
  "statusCodeDistribution": {
    "202": 10
  },
  "errorDistribution": {}
}