{
  "summary": {
    "successRate": 1.0,
    "total": 0.002128031,
    "slowest": 0.001111366,
    "fastest": 0.000570668,
    "average": 0.0008220738,
    "requestsPerSec": 4699.17966420602,
    "totalData": 210,
    "sizePerRequest": 21,
    "sizePerSec": 98682.77294832641
  },
  "responseTimeHistogram": {
    "0.000570668": 1,
    "0.0006247377999999999": 0,
    "0.0006788076": 2,
    "0.0007328774": 1,
    "0.0007869471999999999": 0,
    "0.0008410169999999999": 1,
    "0.0008950868": 1,
    "0.0009491565999999999": 2,
    "0.0010032264": 1,
    "0.0010572962": 0,
    "0.001111366": 1
  },
  "latencyPercentiles": {
    "p10": 0.000652891,
    "p25": 0.000662717,
    "p50": 0.000846591,
    "p75": 0.000949133,
    "p90": 0.001111366,
    "p95": 0.001111366,
    "p99": 0.001111366,
    "p99.9": 0.001111366,
    "p99.99": 0.001111366
  },
  "rps": {
    "mean": 5384.330843439274,
    "stddev": null,
    "max": 5384.330843439274,
    "min": 5384.330843439274,
    "percentiles": {
      "p10": 5384.330843439274,
      "p25": 5384.330843439274,
      "p50": 5384.330843439274,
      "p75": 5384.330843439274,
      "p90": 5384.330843439274,
      "p95": 5384.330843439274,
      "p99": 5384.330843439274,
      "p99.9": 5384.330843439274,
      "p99.99": 5384.330843439274
    }
  },
  "details": {
    "DNSDialup": {
      "average": 0.0003028124,
      "fastest": 0.000111308,
      "slowest": 0.000574845
    },
    "DNSLookup": {
      "average": 4.2098e-6,
      "fastest": 2.235e-6,
      "slowest": 0.00001066
    }
  },
  "statusCodeDistribution": {
    "200": 10
  },
  "errorDistribution": {}
}