{
  "summary": {
    "successRate": 1.0,
    "total": 0.052916366,
    "slowest": 0.051803192,
    "fastest": 0.026129358,
    "average": 0.039631220599999996,
    "requestsPerSec": 188.9774517018043,
    "totalData": 210,
    "sizePerRequest": 21,
    "sizePerSec": 3968.5264857378907
  },
  "responseTimeHistogram": {
    "0.026129358": 1,
    "0.0286967414": 3,
    "0.0312641248": 0,
    "0.0338315082": 0,
    "0.0363988916": 0,
    "0.038966274999999995": 0,
    "0.0415336584": 0,
    "0.0441010418": 1,
    "0.0466684252": 1,
    "0.0492358086": 1,
    "0.051803192": 3
  },
  "latencyPercentiles": {
    "p10": 0.026192136,
    "p25": 0.027025114,
    "p50": 0.044131104,
    "p75": 0.050152283,
    "p90": 0.051803192,
    "p95": 0.051803192,
    "p99": 0.051803192,
    "p99.9": 0.051803192,
    "p99.99": 0.051803192
  },
  "rps": {
    "mean": 476.93390451625334,
    "stddev": 537.3392327924669,
    "max": 1168.9211909436654,
    "min": 36.686453138302284,
    "percentiles": {
      "p10": 36.686453138302284,
      "p25": 66.59109021867448,
      "p50": 635.5368837643713,
      "p75": 1168.9211909436654,
      "p90": 1168.9211909436654,
      "p95": 1168.9211909436654,
      "p99": 1168.9211909436654,
      "p99.9": 1168.9211909436654,
      "p99.99": 1168.9211909436654
    }
  },
  "details": {
    "DNSDialup": {
      "average": 0.00028453049999999997,
      "fastest": 0.000101771,
      "slowest": 0.000573102
    },
    "DNSLookup": {
      "average": 3.7324e-6,
      "fastest": 2.095e-6,
      "slowest": 8.255e-6
    }
  },
  "statusCodeDistribution": {
    "200": 10
  },
  "errorDistribution": {}
}