{
  "summary": {
    "successRate": 1.0,
    "total": 0.002229789,
    "slowest": 0.001182753,
    "fastest": 0.000635148,
    "average": 0.0008975884,
    "requestsPerSec": 4484.729272590366,
    "totalData": 210,
    "sizePerRequest": 21,
    "sizePerSec": 94179.3147243977
  },
  "responseTimeHistogram": {
    "0.000635148": 1,
    "0.0006899085": 0,
    "0.000744669": 2,
    "0.0007994294999999999": 0,
    "0.0008541899999999999": 0,
    "0.0009089504999999999": 2,
    "0.0009637109999999999": 2,
    "0.0010184715": 1,
    "0.001073232": 1,
    "0.0011279925": 0,
    "0.001182753": 1
  },
  "latencyPercentiles": {
    "p10": 0.000702083,
    "p25": 0.000709658,
    "p50": 0.000936833,
    "p75": 0.001007295,
    "p90": 0.001182753,
    "p95": 0.001182753,
    "p99": 0.001182753,
    "p99.9": 0.001182753,
    "p99.99": 0.001182753
  },
  "rps": {
    "mean": 4835.692829054389,
    "stddev": null,
    "max": 4835.692829054389,
    "min": 4835.692829054389,
    "percentiles": {
      "p10": 4835.692829054389,
      "p25": 4835.692829054389,
      "p50": 4835.692829054389,
      "p75": 4835.692829054389,
      "p90": 4835.692829054389,
      "p95": 4835.692829054389,
      "p99": 4835.692829054389,
      "p99.9": 4835.692829054389,
      "p99.99": 4835.692829054389
    }
  },
  "details": {
    "DNSDialup": {
      "average": 0.00029273189999999994,
      "fastest": 0.000091912,
      "slowest": 0.000587119
    },
    "DNSLookup": {
      "average": 3.9645e-6,
      "fastest": 2.435e-6,
      "slowest": 8.727e-6
    }
  },
  "statusCodeDistribution": {
    "200": 10
  },
  "errorDistribution": {}
}