{
  "summary": {
    "successRate": 1.0,
    "total": 0.002317539,
    "slowest": 0.001492263,
    "fastest": 0.000904574,
    "average": 0.0011611113,
    "requestsPerSec": 4314.921992682755,
    "totalData": 140,
    "sizePerRequest": 14,
    "sizePerSec": 60408.90789755857
  },
  "responseTimeHistogram": {
    "0.000904574": 1,
    "0.0009633429": 1,
    "0.0010221118": 1,
    "0.0010808807": 1,
    "0.0011396496": 1,
    "0.0011984184999999999": 1,
    "0.0012571874": 0,
    "0.0013159563": 2,
    "0.0013747251999999999": 1,
    "0.0014334941": 0,
    "0.001492263": 1
  },
  "latencyPercentiles": {
    "p10": 0.0009611,
    "p25": 0.001003779,
    "p50": 0.001178796,
    "p75": 0.001279354,
    "p90": 0.001492263,
    "p95": 0.001492263,
    "p99": 0.001492263,
    "p99.9": 0.001492263,
    "p99.99": 0.001492263
  },
  "rps": {
    "mean": 4537.190671354492,
    "stddev": null,
    "max": 4537.190671354492,
    "min": 4537.190671354492,
    "percentiles": {
      "p10": 4537.190671354492,
      "p25": 4537.190671354492,
      "p50": 4537.190671354492,
      "p75": 4537.190671354492,
      "p90": 4537.190671354492,
      "p95": 4537.190671354492,
      "p99": 4537.190671354492,
      "p99.9": 4537.190671354492,
      "p99.99": 4537.190671354492
    }
  },
  "details": {
    "DNSDialup": {
      "average": 0.00032353129999999994,
      "fastest": 0.000072385,
      "slowest": 0.000610433
    },
    "DNSLookup": {
      "average": 3.6437999999999997e-6,
      "fastest": 1.723e-6,
      "slowest": 8.917e-6
    }
  },
  "statusCodeDistribution": {
    "202": 10
  },
  "errorDistribution": {}
}