{
  "summary": {
    "successRate": 1.0,
    "total": 0.002463208,
    "slowest": 0.001382957,
    "fastest": 0.000811869,
    "average": 0.0010675111,
    "requestsPerSec": 4059.746476952007,
    "totalData": 210,
    "sizePerRequest": 21,
    "sizePerSec": 85254.67601599215
  },
  "responseTimeHistogram": {
    "0.000811869": 1,
    "0.0008689778": 1,
    "0.0009260866": 2,
    "0.0009831954": 0,
    "0.0010403042": 1,
    "0.001097413": 0,
    "0.0011545218": 1,
    "0.0012116306": 2,
    "0.0012687394": 0,
    "0.0013258482": 0,
    "0.001382957": 2
  },
  "latencyPercentiles": {
    "p10": 0.000862603,
    "p25": 0.000888152,
    "p50": 0.001119575,
    "p75": 0.001173685,
    "p90": 0.001382957,
    "p95": 0.001382957,
    "p99": 0.001382957,
    "p99.9": 0.001382957,
    "p99.99": 0.001382957
  },
  "rps": {
    "mean": 4319.243959537323,
    "stddev": null,
    "max": 4319.243959537323,
    "min": 4319.243959537323,
    "percentiles": {
      "p10": 4319.243959537323,
      "p25": 4319.243959537323,
      "p50": 4319.243959537323,
      "p75": 4319.243959537323,
      "p90": 4319.243959537323,
      "p95": 4319.243959537323,
      "p99": 4319.243959537323,
      "p99.9": 4319.243959537323,
      "p99.99": 4319.243959537323
    }
  },
  "details": {
    "DNSDialup": {
      "average": 0.00028201470000000005,
      "fastest": 0.000099286,
      "slowest": 0.000579584
    },
    "DNSLookup": {
      "average": 4.508500000000001e-6,
      "fastest": 2.405e-6,
      "slowest": 0.000010841
    }
  },
  "statusCodeDistribution": {
    "200": 10
  },
  "errorDistribution": {}
}