{
  "summary": {
    "successRate": 1.0,
    "total": 0.002382357,
    "slowest": 0.001333154,
    "fastest": 0.0007377,
    "average": 0.0010268541,
    "requestsPerSec": 4197.523712860835,
    "totalData": 210,
    "sizePerRequest": 21,
    "sizePerSec": 88147.99797007754
  },
  "responseTimeHistogram": {
    "0.0007377": 1,
    "0.0007972454": 0,
    "0.0008567908": 1,
    "0.0009163362": 1,
    "0.0009758816": 2,
    "0.001035427": 0,
    "0.0010949724": 1,
    "0.0011545178": 1,
    "0.0012140632": 1,
    "0.0012736086": 1,
    "0.001333154": 1
  },
  "latencyPercentiles": {
    "p10": 0.000820315,
    "p25": 0.000864678,
    "p50": 0.001044665,
    "p75": 0.001206989,
    "p90": 0.001333154,
    "p95": 0.001333154,
    "p99": 0.001333154,
    "p99.9": 0.001333154,
    "p99.99": 0.001333154
  },
  "rps": {
    "mean": 4504.553202376963,
    "stddev": null,
    "max": 4504.553202376963,
    "min": 4504.553202376963,
    "percentiles": {
      "p10": 4504.553202376963,
      "p25": 4504.553202376963,
      "p50": 4504.553202376963,
      "p75": 4504.553202376963,
      "p90": 4504.553202376963,
      "p95": 4504.553202376963,
      "p99": 4504.553202376963,
      "p99.9": 4504.553202376963,
      "p99.99": 4504.553202376963
    }
  },
  "details": {
    "DNSDialup": {
      "average": 0.0002878247,
      "fastest": 0.000101319,
      "slowest": 0.000577681
    },
    "DNSLookup": {
      "average": 4.3555e-6,
      "fastest": 2.445e-6,
      "slowest": 0.000010771
    }
  },
  "statusCodeDistribution": {
    "200": 10
  },
  "errorDistribution": {}
}