{
  "summary": {
    "successRate": 1.0,
    "total": 0.002815858,
    "slowest": 0.001608957,
    "fastest": 0.00063021,
    "average": 0.0011939724,
    "requestsPerSec": 3551.31544275315,
    "totalData": 20,
    "sizePerRequest": 2,
    "sizePerSec": 7102.6308855063
  },
  "responseTimeHistogram": {
    "0.00063021": 1,
    "0.0007280847": 1,
    "0.0008259593999999999": 1,
    "0.0009238341": 0,
    "0.0010217088": 0,
    "0.0011195835000000001": 0,
    "0.0012174582": 1,
    "0.0013153329": 1,
    "0.0014132076": 2,
    "0.0015110823": 1,
    "0.001608957": 2
  },
  "latencyPercentiles": {
    "p10": 0.000700827,
    "p25": 0.000795515,
    "p50": 0.001369358,
    "p75": 0.001419321,
    "p90": 0.001608957,
    "p95": 0.001608957,
    "p99": 0.001608957,
    "p99.9": 0.001608957,
    "p99.99": 0.001608957
  },
  "rps": {
    "mean": 3748.949356942717,
    "stddev": null,
    "max": 3748.949356942717,
    "min": 3748.949356942717,
    "percentiles": {
      "p10": 3748.949356942717,
      "p25": 3748.949356942717,
      "p50": 3748.949356942717,
      "p75": 3748.949356942717,
      "p90": 3748.949356942717,
      "p95": 3748.949356942717,
      "p99": 3748.949356942717,
      "p99.9": 3748.949356942717,
      "p99.99": 3748.949356942717
    }
  },
  "details": {
    "DNSDialup": {
      "average": 0.000266129,
      "fastest": 0.000082284,
      "slowest": 0.000517448
    },
    "DNSLookup": {
      "average": 3.5729e-6,
      "fastest": 1.232e-6,
      "slowest": 9.989e-6
    }
  },
  "statusCodeDistribution": {
    "202": 10
  },
  "errorDistribution": {}
}