{
  "summary": {
    "successRate": 1.0,
    "total": 0.00262421,
    "slowest": 0.001544226,
    "fastest": 0.000597797,
    "average": 0.0011135028,
    "requestsPerSec": 3810.6706399259206,
    "totalData": 20,
    "sizePerRequest": 2,
    "sizePerSec": 7621.341279851841
  },
  "responseTimeHistogram": {
    "0.000597797": 1,
    "0.0006924399": 0,
    "0.0007870828": 0,
    "0.0008817257": 1,
    "0.0009763686": 1,
    "0.0010710115": 0,
    "0.0011656544": 4,
    "0.0012602973000000002": 1,
    "0.0013549402": 0,
    "0.0014495831": 1,
    "0.001544226": 1
  },
  "latencyPercentiles": {
    "p10": 0.000862372,
    "p25": 0.000971969,
    "p50": 0.00114905,
    "p75": 0.00119938,
    "p90": 0.001544226,
    "p95": 0.001544226,
    "p99": 0.001544226,
    "p99.9": 0.001544226,
    "p99.99": 0.001544226
  },
  "rps": {
    "mean": 4050.5853298330876,
    "stddev": null,
    "max": 4050.5853298330876,
    "min": 4050.5853298330876,
    "percentiles": {
      "p10": 4050.5853298330876,
      "p25": 4050.5853298330876,
      "p50": 4050.5853298330876,
      "p75": 4050.5853298330876,
      "p90": 4050.5853298330876,
      "p95": 4050.5853298330876,
      "p99": 4050.5853298330876,
      "p99.9": 4050.5853298330876,
      "p99.99": 4050.5853298330876
    }
  },
  "details": {
    "DNSDialup": {
      "average": 0.0002710379,
      "fastest": 0.000102221,
      "slowest": 0.000546762
    },
    "DNSLookup": {
      "average": 3.7629000000000004e-6,
      "fastest": 1.933e-6,
      "slowest": 8.926e-6
    }
  },
  "statusCodeDistribution": {
    "202": 10
  },
  "errorDistribution": {}
}