{
  "summary": {
    "successRate": 1.0,
    "total": 0.089005495,
    "slowest": 0.087331666,
    "fastest": 0.021995052,
    "average": 0.0519045161,
    "requestsPerSec": 112.35261373469132,
    "totalData": 20,
    "sizePerRequest": 2,
    "sizePerSec": 224.70522746938263
  },
  "responseTimeHistogram": {
    "0.021995052": 1,
    "0.028528713400000003": 1,
    "0.035062374800000004": 1,
    "0.0415960362": 0,
    "0.0481296976": 0,
    "0.054663359": 1,
    "0.061197020399999996": 3,
    "0.0677306818": 1,
    "0.0742643432": 1,
    "0.0807980046": 0,
    "0.087331666": 1
  },
  "latencyPercentiles": {
    "p10": 0.025289706,
    "p25": 0.028580421,
    "p50": 0.056036448,
    "p75": 0.065593726,
    "p90": 0.087331666,
    "p95": 0.087331666,
    "p99": 0.087331666,
    "p99.9": 0.087331666,
    "p99.99": 0.087331666
  },
  "rps": {
    "mean": 162.61981972242597,
    "stddev": 110.20041921044665,
    "max": 295.58173293067216,
    "min": 43.90841635207384,
    "percentiles": {
      "p10": 43.90841635207384,
      "p25": 48.58712290622904,
      "p50": 197.6133445920243,
      "p75": 278.42240298023336,
      "p90": 295.58173293067216,
      "p95": 295.58173293067216,
      "p99": 295.58173293067216,
      "p99.9": 295.58173293067216,
      "p99.99": 295.58173293067216
    }
  },
  "details": {
    "DNSDialup": {
      "average": 0.00026594650000000004,
      "fastest": 0.000079939,
      "slowest": 0.000554267
    },
    "DNSLookup": {
      "average": 2.722e-6,
      "fastest": 1.082e-6,
      "slowest": 8.456e-6
    }
  },
  "statusCodeDistribution": {
    "202": 10
  },
  "errorDistribution": {}
}