{
  "summary": {
    "successRate": 1.0,
    "total": 0.002426314,
    "slowest": 0.001325765,
    "fastest": 0.000866992,
    "average": 0.0011302108999999999,
    "requestsPerSec": 4121.4780939317825,
    "totalData": 0,
    "sizePerRequest": 0,
    "sizePerSec": 0.0
  },
  "responseTimeHistogram": {
    "0.000866992": 1,
    "0.0009128693000000001": 0,
    "0.0009587466": 0,
    "0.0010046239": 1,
    "0.0010505012": 1,
    "0.0010963785": 1,
    "0.0011422558": 2,
    "0.0011881331": 0,
    "0.0012340104": 1,
    "0.0012798877": 1,
    "0.001325765": 2
  },
  "latencyPercentiles": {
    "p10": 0.001000413,
    "p25": 0.001047568,
    "p50": 0.001141843,
    "p75": 0.001247861,
    "p90": 0.001325765,
    "p95": 0.001325765,
    "p99": 0.001325765,
    "p99.9": 0.001325765,
    "p99.99": 0.001325765
  },
  "rps": {
    "mean": 4638.909596465893,
    "stddev": null,
    "max": 4638.909596465893,
    "min": 4638.909596465893,
    "percentiles": {
      "p10": 4638.909596465893,
      "p25": 4638.909596465893,
      "p50": 4638.909596465893,
      "p75": 4638.909596465893,
      "p90": 4638.909596465893,
      "p95": 4638.909596465893,
      "p99": 4638.909596465893,
      "p99.9": 4638.909596465893,
      "p99.99": 4638.909596465893
    }
  },
  "details": {
    "DNSDialup": {
      "average": 0.0002170748,
      "fastest": 0.000079819,
      "slowest": 0.000447992
    },
    "DNSLookup": {
      "average": 3.6948999999999996e-6,
      "fastest": 1.072e-6,
      "slowest": 0.000011872
    }
  },
  "statusCodeDistribution": {
    "200": 10
  },
  "errorDistribution": {}
}