{
  "summary": {
    "successRate": 1.0,
    "total": 0.003565109,
    "slowest": 0.00241627,
    "fastest": 0.001189534,
    "average": 0.0019661361,
    "requestsPerSec": 2804.963326506988,
    "totalData": 0,
    "sizePerRequest": 0,
    "sizePerSec": 0.0
  },
  "responseTimeHistogram": {
    "0.001189534": 1,
    "0.0013122076": 1,
    "0.0014348812": 0,
    "0.0015575548": 0,
    "0.0016802284": 0,
    "0.0018029019999999999": 0,
    "0.0019255755999999999": 0,
    "0.0020482492": 2,
    "0.0021709228": 2,
    "0.0022935964": 3,
    "0.00241627": 1
  },
  "latencyPercentiles": {
    "p10": 0.001243766,
    "p25": 0.001933988,
    "p50": 0.002126158,
    "p75": 0.002228349,
    "p90": 0.00241627,
    "p95": 0.00241627,
    "p99": 0.00241627,
    "p99.9": 0.00241627,
    "p99.99": 0.00241627
  },
  "rps": {
    "mean": 3175.468111631676,
    "stddev": null,
    "max": 3175.468111631676,
    "min": 3175.468111631676,
    "percentiles": {
      "p10": 3175.468111631676,
      "p25": 3175.468111631676,
      "p50": 3175.468111631676,
      "p75": 3175.468111631676,
      "p90": 3175.468111631676,
      "p95": 3175.468111631676,
      "p99": 3175.468111631676,
      "p99.9": 3175.468111631676,
      "p99.99": 3175.468111631676
    }
  },
  "details": {
    "DNSDialup": {
      "average": 0.0003024733,
      "fastest": 0.000088024,
      "slowest": 0.000605281
    },
    "DNSLookup": {
      "average": 4.4062e-6,
      "fastest": 1.863e-6,
      "slowest": 0.000011051
    }
  },
  "statusCodeDistribution": {
    "202": 10
  },
  "errorDistribution": {}
}