{
  "summary": {
    "successRate": 1.0,
    "total": 0.002928922,
    "slowest": 0.001796069,
    "fastest": 0.000638314,
    "average": 0.0014552592,
    "requestsPerSec": 3414.2254385743286,
    "totalData": 0,
    "sizePerRequest": 0,
    "sizePerSec": 0.0
  },
  "responseTimeHistogram": {
    "0.000638314": 1,
    "0.0007540895": 0,
    "0.0008698649999999999": 0,
    "0.0009856405": 1,
    "0.001101416": 0,
    "0.0012171915": 0,
    "0.001332967": 0,
    "0.0014487425": 1,
    "0.001564518": 2,
    "0.0016802935": 1,
    "0.001796069": 4
  },
  "latencyPercentiles": {
    "p10": 0.000932003,
    "p25": 0.001392285,
    "p50": 0.00161456,
    "p75": 0.001727402,
    "p90": 0.001796069,
    "p95": 0.001796069,
    "p99": 0.001796069,
    "p99.9": 0.001796069,
    "p99.99": 0.001796069
  },
  "rps": {
    "mean": 3752.125579140583,
    "stddev": null,
    "max": 3752.125579140583,
    "min": 3752.125579140583,
    "percentiles": {
      "p10": 3752.125579140583,
      "p25": 3752.125579140583,
      "p50": 3752.125579140583,
      "p75": 3752.125579140583,
      "p90": 3752.125579140583,
      "p95": 3752.125579140583,
      "p99": 3752.125579140583,
      "p99.9": 3752.125579140583,
      "p99.99": 3752.125579140583
    }
  },
  "details": {
    "DNSDialup": {
      "average": 0.0003442951,
      "fastest": 0.000119203,
      "slowest": 0.00061493
    },
    "DNSLookup": {
      "average": 4.3301e-6,
      "fastest": 1.142e-6,
      "slowest": 0.00001097
    }
  },
  "statusCodeDistribution": {
    "202": 10
  },
  "errorDistribution": {}
}