{
  "summary": {
    "successRate": 1.0,
    "total": 0.085630756,
    "slowest": 0.084292503,
    "fastest": 0.019919114,
    "average": 0.066164287,
    "requestsPerSec": 116.78047079252693,
    "totalData": 0,
    "sizePerRequest": 0,
    "sizePerSec": 0.0
  },
  "responseTimeHistogram": {
    "0.019919114": 1,
    "0.0263564529": 0,
    "0.0327937918": 0,
    "0.039231130700000005": 1,
    "0.045668469600000004": 0,
    "0.0521058085": 1,
    "0.05854314740000001": 0,
    "0.0649804863": 0,
    "0.0714178252": 1,
    "0.07785516410000001": 0,
    "0.084292503": 6
  },
  "latencyPercentiles": {
    "p10": 0.033804282,
    "p25": 0.050353991,
    "p50": 0.080130176,
    "p75": 0.081867356,
    "p90": 0.084292503,
    "p95": 0.084292503,
    "p99": 0.084292503,
    "p99.9": 0.084292503,
    "p99.99": 0.084292503
  },
  "rps": {
    "mean": 221.90719461005938,
    "stddev": 384.7802800725816,
    "max": 1006.8220246747907,
    "min": 47.811648877944265,
    "percentiles": {
      "p10": 47.811648877944265,
      "p25": 55.92324154819469,
      "p50": 70.86860818305645,
      "p75": 88.37256530268623,
      "p90": 1006.8220246747907,
      "p95": 1006.8220246747907,
      "p99": 1006.8220246747907,
      "p99.9": 1006.8220246747907,
      "p99.99": 1006.8220246747907
    }
  },
  "details": {
    "DNSDialup": {
      "average": 0.0002811342,
      "fastest": 0.000094227,
      "slowest": 0.000567472
    },
    "DNSLookup": {
      "average": 4.0357e-6,
      "fastest": 1.173e-6,
      "slowest": 0.000012102
    }
  },
  "statusCodeDistribution": {
    "200": 10
  },
  "errorDistribution": {}
}