{
  "summary": {
    "successRate": 1.0,
    "total": 0.002294359,
    "slowest": 0.00130789,
    "fastest": 0.000806902,
    "average": 0.000994198,
    "requestsPerSec": 4358.515820758652,
    "totalData": 0,
    "sizePerRequest": 0,
    "sizePerSec": 0.0
  },
  "responseTimeHistogram": {
    "0.000806902": 1,
    "0.0008570008": 2,
    "0.0009070996": 0,
    "0.0009571984": 2,
    "0.0010072972": 1,
    "0.001057396": 1,
    "0.0011074948": 1,
    "0.0011575936": 0,
    "0.0012076924": 1,
    "0.0012577912": 0,
    "0.00130789": 1
  },
  "latencyPercentiles": {
    "p10": 0.000849381,
    "p25": 0.000852789,
    "p50": 0.000974717,
    "p75": 0.00110463,
    "p90": 0.00130789,
    "p95": 0.00130789,
    "p99": 0.00130789,
    "p99.9": 0.00130789,
    "p99.99": 0.00130789
  },
  "rps": {
    "mean": 4933.00486098299,
    "stddev": null,
    "max": 4933.00486098299,
    "min": 4933.00486098299,
    "percentiles": {
      "p10": 4933.00486098299,
      "p25": 4933.00486098299,
      "p50": 4933.00486098299,
      "p75": 4933.00486098299,
      "p90": 4933.00486098299,
      "p95": 4933.00486098299,
      "p99": 4933.00486098299,
      "p99.9": 4933.00486098299,
      "p99.99": 4933.00486098299
    }
  },
  "details": {
    "DNSDialup": {
      "average": 0.0002527067,
      "fastest": 0.00010179,
      "slowest": 0.000545049
    },
    "DNSLookup": {
      "average": 3.9284e-6,
      "fastest": 1.663e-6,
      "slowest": 9.227e-6
    }
  },
  "statusCodeDistribution": {
    "200": 10
  },
  "errorDistribution": {}
}