{
  "summary": {
    "successRate": 1.0,
    "total": 0.003479667,
    "slowest": 0.002235881,
    "fastest": 0.000685753,
    "average": 0.0018126653,
    "requestsPerSec": 2873.838214978617,
    "totalData": 0,
    "sizePerRequest": 0,
    "sizePerSec": 0.0
  },
  "responseTimeHistogram": {
    "0.000685753": 1,
    "0.0008407658": 0,
    "0.0009957785999999999": 0,
    "0.0011507914": 0,
    "0.0013058041999999999": 1,
    "0.001460817": 0,
    "0.0016158297999999999": 0,
    "0.0017708426": 1,
    "0.0019258553999999999": 1,
    "0.0020808682": 2,
    "0.002235881": 4
  },
  "latencyPercentiles": {
    "p10": 0.001267303,
    "p25": 0.00175923,
    "p50": 0.002047519,
    "p75": 0.002089848,
    "p90": 0.002235881,
    "p95": 0.002235881,
    "p99": 0.002235881,
    "p99.9": 0.002235881,
    "p99.99": 0.002235881
  },
  "rps": {
    "mean": 3054.910799659561,
    "stddev": null,
    "max": 3054.910799659561,
    "min": 3054.910799659561,
    "percentiles": {
      "p10": 3054.910799659561,
      "p25": 3054.910799659561,
      "p50": 3054.910799659561,
      "p75": 3054.910799659561,
      "p90": 3054.910799659561,
      "p95": 3054.910799659561,
      "p99": 3054.910799659561,
      "p99.9": 3054.910799659561,
      "p99.99": 3054.910799659561
    }
  },
  "details": {
    "DNSDialup": {
      "average": 0.00035104470000000003,
      "fastest": 0.000148688,
      "slowest": 0.000614749
    },
    "DNSLookup": {
      "average": 3.7471999999999995e-6,
      "fastest": 1.272e-6,
      "slowest": 0.000010911
    }
  },
  "statusCodeDistribution": {
    "202": 10
  },
  "errorDistribution": {}
}