{
  "summary": {
    "successRate": 1.0,
    "total": 0.272094167,
    "slowest": 0.02516,
    "fastest": 0.000090125,
    "average": 0.004027272873799998,
    "requestsPerSec": 36751.98226502224,
    "totalData": 0,
    "sizePerRequest": 0,
    "sizePerSec": 0.0
  },
  "responseTimeHistogram": {
    "0.000090125": 1,
    "0.0025971124999999997": 4926,
    "0.0051040999999999994": 2192,
    "0.007611087499999999": 1255,
    "0.010118074999999999": 718,
    "0.0126250625": 482,
    "0.015132049999999998": 246,
    "0.0176390375": 70,
    "0.020146024999999998": 53,
    "0.022653012499999996": 46,
    "0.02516": 11
  },
  "latencyPercentiles": {
    "p10": 0.000458041,
    "p25": 0.001124375,
    "p50": 0.002655917,
    "p75": 0.005719792,
    "p90": 0.009698417,
    "p95": 0.01212575,
    "p99": 0.018282917,
    "p99.9": 0.022675791,
    "p99.99": 0.0243485
  },
  "rps": {
    "mean": 36545.65369641183,
    "stddev": 3235.7805633407515,
    "max": 39523.38598748885,
    "min": 23825.910677862175,
    "percentiles": {
      "p10": 35293.52784879943,
      "p25": 36178.93377064282,
      "p50": 37242.36318812649,
      "p75": 38124.3042439555,
      "p90": 39205.85581068886,
      "p95": 39361.21566712942,
      "p99": 39523.38598748885,
      "p99.9": 39523.38598748885,
      "p99.99": 39523.38598748885
    }
  },
  "details": {
    "DNSDialup": {
      "average": 0.0014856166533333327,
      "fastest": 0.000366291,
      "slowest": 0.00200125
    },
    "DNSLookup": {
      "average": 6.284126666666666e-6,
      "fastest": 4.16e-7,
      "slowest": 0.000141375
    }
  },
  "statusCodeDistribution": {
    "202": 10000
  },
  "errorDistribution": {}
}