{
  "summary": {
    "successRate": 1.0,
    "total": 0.252898416,
    "slowest": 0.04619925,
    "fastest": 0.000096084,
    "average": 0.003741197580000012,
    "requestsPerSec": 39541.568342602826,
    "totalData": 0,
    "sizePerRequest": 0,
    "sizePerSec": 0.0
  },
  "responseTimeHistogram": {
    "0.000096084": 1,
    "0.004706400599999999": 7320,
    "0.009316717199999998": 1817,
    "0.013927033799999997": 475,
    "0.018537350399999996": 219,
    "0.023147666999999993": 118,
    "0.027757983599999994": 36,
    "0.0323683002": 1,
    "0.036978616799999996": 5,
    "0.04158893339999999": 2,
    "0.04619924999999999": 6
  },
  "latencyPercentiles": {
    "p10": 0.000348875,
    "p25": 0.00089875,
    "p50": 0.002324,
    "p75": 0.00498775,
    "p90": 0.008735708,
    "p95": 0.012258209,
    "p99": 0.020643791,
    "p99.9": 0.034204708,
    "p99.99": 0.044901292
  },
  "rps": {
    "mean": 39439.431391813465,
    "stddev": 7635.996506839109,
    "max": 43938.04014071006,
    "min": 8203.72613240934,
    "percentiles": {
      "p10": 29568.255360674586,
      "p25": 41493.0148914823,
      "p50": 42100.330211277374,
      "p75": 42412.019566345094,
      "p90": 42815.520626227,
      "p95": 42923.964449352046,
      "p99": 43938.04014071006,
      "p99.9": 43938.04014071006,
      "p99.99": 43938.04014071006
    }
  },
  "details": {
    "DNSDialup": {
      "average": 0.005267915000000001,
      "fastest": 0.000547084,
      "slowest": 0.031156333
    },
    "DNSLookup": {
      "average": 5.029986666666666e-6,
      "fastest": 3.75e-7,
      "slowest": 0.000096334
    }
  },
  "statusCodeDistribution": {
    "202": 10000
  },
  "errorDistribution": {}
}