{
  "summary": {
    "successRate": 1.0,
    "total": 0.295317541,
    "slowest": 0.065905709,
    "fastest": 0.000098167,
    "average": 0.00436788227690003,
    "requestsPerSec": 33861.85583876306,
    "totalData": 0,
    "sizePerRequest": 0,
    "sizePerSec": 0.0
  },
  "responseTimeHistogram": {
    "0.000098167": 1,
    "0.006678921200000001": 8077,
    "0.013259675400000002": 1387,
    "0.019840429600000004": 292,
    "0.026421183800000005": 118,
    "0.03300193800000001": 111,
    "0.03958269220000001": 0,
    "0.04616344640000001": 0,
    "0.05274420060000001": 0,
    "0.05932495480000002": 0,
    "0.065905709": 14
  },
  "latencyPercentiles": {
    "p10": 0.000445083,
    "p25": 0.001123,
    "p50": 0.002777,
    "p75": 0.005630208,
    "p90": 0.009355458,
    "p95": 0.013857583,
    "p99": 0.027650417,
    "p99.9": 0.06347775,
    "p99.99": 0.065667833
  },
  "rps": {
    "mean": 33818.83758924563,
    "stddev": 5528.567553605677,
    "max": 38107.93788346114,
    "min": 8820.581945912592,
    "percentiles": {
      "p10": 30128.133704735228,
      "p25": 33422.56022815406,
      "p50": 35469.16487149944,
      "p75": 36325.73314936304,
      "p90": 37834.20590555924,
      "p95": 37920.856471059014,
      "p99": 38107.93788346114,
      "p99.9": 38107.93788346114,
      "p99.99": 38107.93788346114
    }
  },
  "details": {
    "DNSDialup": {
      "average": 0.007871127273333329,
      "fastest": 0.00049625,
      "slowest": 0.061099959
    },
    "DNSLookup": {
      "average": 4.28226e-6,
      "fastest": 4.16e-7,
      "slowest": 0.000097292
    }
  },
  "statusCodeDistribution": {
    "202": 10000
  },
  "errorDistribution": {}
}