{
  "summary": {
    "successRate": 1.0,
    "total": 9.5898665,
    "slowest": 0.671085334,
    "fastest": 0.008743,
    "average": 0.14262834301830002,
    "requestsPerSec": 1042.7673836752576,
    "totalData": 210050,
    "sizePerRequest": 21,
    "sizePerSec": 21903.328894098788
  },
  "responseTimeHistogram": {
    "0.008743": 1,
    "0.07497723340000001": 5019,
    "0.14121146680000002": 1598,
    "0.20744570020000003": 1077,
    "0.27367993360000004": 606,
    "0.33991416700000004": 401,
    "0.40614840040000005": 371,
    "0.47238263380000006": 378,
    "0.5386168672": 315,
    "0.6048511006000001": 164,
    "0.671085334": 70
  },
  "latencyPercentiles": {
    "p10": 0.026162875,
    "p25": 0.039124959,
    "p50": 0.074217375,
    "p75": 0.193177708,
    "p90": 0.395341834,
    "p95": 0.479204292,
    "p99": 0.585752292,
    "p99.9": 0.648957291,
    "p99.99": 0.668620625
  },
  "rps": {
    "mean": 1052.6177027983272,
    "stddev": 357.37532017990156,
    "max": 1984.1872805449846,
    "min": 20.855546662982185,
    "percentiles": {
      "p10": 600.4779203768242,
      "p25": 809.2728915735162,
      "p50": 1050.0249748440265,
      "p75": 1294.8301209856893,
      "p90": 1506.6986314455335,
      "p95": 1657.356924519943,
      "p99": 1868.3665203666508,
      "p99.9": 1982.1732486508965,
      "p99.99": 1984.1872805449846
    }
  },
  "details": {
    "DNSDialup": {
      "average": 0.006492152851428568,
      "fastest": 0.000076708,
      "slowest": 0.038451125
    },
    "DNSLookup": {
      "average": 5.397394285714286e-6,
      "fastest": 4.16e-7,
      "slowest": 0.000171666
    }
  },
  "statusCodeDistribution": {
    "413": 25,
    "500": 9975
  },
  "errorDistribution": {}
}