{
  "summary": {
    "successRate": 1.0,
    "total": 0.267055417,
    "slowest": 0.045875125,
    "fastest": 0.000093333,
    "average": 0.003963752304999987,
    "requestsPerSec": 37445.411564147376,
    "totalData": 0,
    "sizePerRequest": 0,
    "sizePerSec": 0.0
  },
  "responseTimeHistogram": {
    "0.000093333": 1,
    "0.0046715122": 6982,
    "0.0092496914": 1975,
    "0.013827870599999998": 703,
    "0.0184060498": 259,
    "0.022984229000000002": 59,
    "0.0275624082": 2,
    "0.032140587400000004": 1,
    "0.0367187666": 9,
    "0.0412969458": 2,
    "0.045875125": 7
  },
  "latencyPercentiles": {
    "p10": 0.000412667,
    "p25": 0.0010825,
    "p50": 0.002700917,
    "p75": 0.005387833,
    "p90": 0.009455083,
    "p95": 0.012046333,
    "p99": 0.017679209,
    "p99.9": 0.036536459,
    "p99.99": 0.044470667
  },
  "rps": {
    "mean": 37531.062230727766,
    "stddev": 7551.734307054543,
    "max": 43736.24908327194,
    "min": 4901.919591712114,
    "percentiles": {
      "p10": 31703.037150959062,
      "p25": 36546.64340666929,
      "p50": 39916.25609587929,
      "p75": 41204.99484937565,
      "p90": 41847.7776076947,
      "p95": 42408.48169633924,
      "p99": 43736.24908327194,
      "p99.9": 43736.24908327194,
      "p99.99": 43736.24908327194
    }
  },
  "details": {
    "DNSDialup": {
      "average": 0.006299126633333332,
      "fastest": 0.00083,
      "slowest": 0.031019
    },
    "DNSLookup": {
      "average": 3.5683266666666676e-6,
      "fastest": 3.75e-7,
      "slowest": 0.000096875
    }
  },
  "statusCodeDistribution": {
    "202": 10000
  },
  "errorDistribution": {}
}