{
  "summary": {
    "successRate": 1.0,
    "total": 6.727522125,
    "slowest": 0.451336833,
    "fastest": 0.010472708,
    "average": 0.1000335691428998,
    "requestsPerSec": 1486.4313805582617,
    "totalData": 210122,
    "sizePerRequest": 21,
    "sizePerSec": 31233.193454566306
  },
  "responseTimeHistogram": {
    "0.010472708": 1,
    "0.0545591205": 3764,
    "0.098645533": 2376,
    "0.14273194549999998": 1494,
    "0.186818358": 956,
    "0.2309047705": 558,
    "0.274991183": 386,
    "0.3190775955": 246,
    "0.363164008": 160,
    "0.4072504205": 52,
    "0.451336833": 7
  },
  "latencyPercentiles": {
    "p10": 0.02508825,
    "p25": 0.039461416,
    "p50": 0.074531041,
    "p75": 0.138207083,
    "p90": 0.215230167,
    "p95": 0.269025542,
    "p99": 0.347015708,
    "p99.9": 0.402993416,
    "p99.99": 0.434819125
  },
  "rps": {
    "mean": 1493.174638806794,
    "stddev": 254.88996763462762,
    "max": 2252.2042937659344,
    "min": 25.422490005783615,
    "percentiles": {
      "p10": 1183.076711446802,
      "p25": 1337.929418202476,
      "p50": 1501.7707378771188,
      "p75": 1646.1257607159698,
      "p90": 1809.4089264174388,
      "p95": 1927.4528175612468,
      "p99": 2050.9508606986246,
      "p99.9": 2252.2042937659344,
      "p99.99": 2252.2042937659344
    }
  },
  "details": {
    "DNSDialup": {
      "average": 0.00407067416113744,
      "fastest": 0.000063416,
      "slowest": 0.0377135
    },
    "DNSLookup": {
      "average": 7.051345971563979e-6,
      "fastest": 3.75e-7,
      "slowest": 0.0001305
    }
  },
  "statusCodeDistribution": {
    "413": 61,
    "500": 9939
  },
  "errorDistribution": {}
}