{
  "summary": {
    "successRate": 1.0,
    "total": 1.6041010409999998,
    "slowest": 0.008246708,
    "fastest": 0.000694625,
    "average": 0.0016008880472400046,
    "requestsPerSec": 62340.212644996354,
    "totalData": 0,
    "sizePerRequest": 0,
    "sizePerSec": 0.0
  },
  "responseTimeHistogram": {
    "0.000694625": 1,
    "0.0014498333": 59416,
    "0.0022050416000000002": 23783,
    "0.0029602499": 9139,
    "0.0037154582": 4104,
    "0.0044706665000000005": 1865,
    "0.0052258748": 931,
    "0.0059810831": 444,
    "0.0067362914": 204,
    "0.0074914997": 94,
    "0.008246708": 19
  },
  "latencyPercentiles": {
    "p10": 0.000911833,
    "p25": 0.00100725,
    "p50": 0.001318958,
    "p75": 0.001847916,
    "p90": 0.002704166,
    "p95": 0.003382083,
    "p99": 0.004971125,
    "p99.9": 0.006806291,
    "p99.99": 0.007685875
  },
  "rps": {
    "mean": 62345.70063648119,
    "stddev": 2508.261019258581,
    "max": 65227.72178175708,
    "min": 37515.1636291389,
    "percentiles": {
      "p10": 61009.91411104302,
      "p25": 62034.37324621531,
      "p50": 62735.55223745248,
      "p75": 63358.34035980332,
      "p90": 63906.659073875126,
      "p95": 64190.93930371157,
      "p99": 65223.91761058783,
      "p99.9": 65227.72178175708,
      "p99.99": 65227.72178175708
    }
  },
  "details": {
    "DNSDialup": {
      "average": 0.0008779188100000001,
      "fastest": 0.00029025,
      "slowest": 0.001136542
    },
    "DNSLookup": {
      "average": 6.752099999999999e-6,
      "fastest": 4.16e-7,
      "slowest": 0.000113834
    }
  },
  "statusCodeDistribution": {
    "202": 100000
  },
  "errorDistribution": {}
}