{
  "summary": {
    "successRate": 1.0,
    "total": 0.735990334,
    "slowest": 0.004328958,
    "fastest": 0.000537208,
    "average": 0.0007296543342599922,
    "requestsPerSec": 135871.34963650216,
    "totalData": 0,
    "sizePerRequest": 0,
    "sizePerSec": 0.0
  },
  "responseTimeHistogram": {
    "0.000537208": 1,
    "0.000916383": 98484,
    "0.001295558": 103,
    "0.0016747329999999999": 60,
    "0.002053908": 884,
    "0.002433083": 257,
    "0.0028122579999999998": 40,
    "0.003191433": 117,
    "0.003570608": 16,
    "0.003949783": 26,
    "0.004328958": 12
  },
  "latencyPercentiles": {
    "p10": 0.000663292,
    "p25": 0.000685916,
    "p50": 0.00071125,
    "p75": 0.000736791,
    "p90": 0.0007615,
    "p95": 0.000780084,
    "p99": 0.001764875,
    "p99.9": 0.003041625,
    "p99.99": 0.00402325
  },
  "rps": {
    "mean": 135668.2730477808,
    "stddev": 21317.898429281413,
    "max": 155103.87759693988,
    "min": 16802.799346371106,
    "percentiles": {
      "p10": 132775.23044557127,
      "p25": 137636.12948398912,
      "p50": 140109.33128146298,
      "p75": 142992.9454145192,
      "p90": 144467.42294628872,
      "p95": 146157.86389831727,
      "p99": 155103.87759693988,
      "p99.9": 155103.87759693988,
      "p99.99": 155103.87759693988
    }
  },
  "details": {
    "DNSDialup": {
      "average": 0.0018111666700000005,
      "fastest": 0.001371292,
      "slowest": 0.002121834
    },
    "DNSLookup": {
      "average": 0.000022323299999999993,
      "fastest": 4.16e-7,
      "slowest": 0.000275291
    }
  },
  "statusCodeDistribution": {
    "202": 100000
  },
  "errorDistribution": {}
}