{
  "summary": {
    "successRate": 1.0,
    "total": 0.312737084,
    "slowest": 0.039485459,
    "fastest": 0.0000855,
    "average": 0.0046388209985000085,
    "requestsPerSec": 31975.741002944185,
    "totalData": 0,
    "sizePerRequest": 0,
    "sizePerSec": 0.0
  },
  "responseTimeHistogram": {
    "0.0000855": 1,
    "0.0040254958999999995": 5685,
    "0.0079654918": 2594,
    "0.0119054877": 982,
    "0.015845483599999998": 378,
    "0.019785479499999998": 226,
    "0.023725475399999998": 100,
    "0.027665471299999998": 20,
    "0.0316054672": 0,
    "0.0355454631": 7,
    "0.039485459": 7
  },
  "latencyPercentiles": {
    "p10": 0.000541167,
    "p25": 0.001356292,
    "p50": 0.003352666,
    "p75": 0.006399541,
    "p90": 0.010297334,
    "p95": 0.013850667,
    "p99": 0.020800583,
    "p99.9": 0.034560166,
    "p99.99": 0.038720542
  },
  "rps": {
    "mean": 31996.87735088649,
    "stddev": 6107.958711120735,
    "max": 35260.969742782225,
    "min": 800.3901902177311,
    "percentiles": {
      "p10": 31559.306248301837,
      "p25": 32408.16224148092,
      "p50": 33356.00807315566,
      "p75": 34218.676553663005,
      "p90": 34840.93810227016,
      "p95": 35136.8937384254,
      "p99": 35260.969742782225,
      "p99.9": 35260.969742782225,
      "p99.99": 35260.969742782225
    }
  },
  "details": {
    "DNSDialup": {
      "average": 0.006224956119999998,
      "fastest": 0.000509084,
      "slowest": 0.031339625
    },
    "DNSLookup": {
      "average": 2.4502866666666676e-6,
      "fastest": 3.75e-7,
      "slowest": 0.000050375
    }
  },
  "statusCodeDistribution": {
    "202": 10000
  },
  "errorDistribution": {}
}