{
  "summary": {
    "successRate": 1.0,
    "total": 3.123139541,
    "slowest": 0.085432375,
    "fastest": 0.017498792,
    "average": 0.04652799198470004,
    "requestsPerSec": 3201.9062448929494,
    "totalData": 210000,
    "sizePerRequest": 21,
    "sizePerSec": 67240.03114275193
  },
  "responseTimeHistogram": {
    "0.017498792": 1,
    "0.0242921503": 28,
    "0.0310855086": 46,
    "0.0378788669": 934,
    "0.0446722252": 5570,
    "0.0514655835": 529,
    "0.058258941800000005": 1173,
    "0.0650523001": 804,
    "0.07184565840000001": 701,
    "0.07863901670000001": 182,
    "0.085432375": 32
  },
  "latencyPercentiles": {
    "p10": 0.037861542,
    "p25": 0.039451667,
    "p50": 0.041343833,
    "p75": 0.053584542,
    "p90": 0.064576416,
    "p95": 0.067873708,
    "p99": 0.073894583,
    "p99.9": 0.082766167,
    "p99.99": 0.084725709
  },
  "rps": {
    "mean": 3242.1837989491505,
    "stddev": 445.5383392307226,
    "max": 5528.6079382464895,
    "min": 19.995117991991073,
    "percentiles": {
      "p10": 2897.2508607421896,
      "p25": 3028.632999238112,
      "p50": 3225.942058249829,
      "p75": 3443.2559022722967,
      "p90": 3626.138292654962,
      "p95": 3737.493024644098,
      "p99": 4839.563431048829,
      "p99.9": 5528.6079382464895,
      "p99.99": 5528.6079382464895
    }
  },
  "details": {
    "DNSDialup": {
      "average": 0.0073880283466666655,
      "fastest": 0.000574958,
      "slowest": 0.037797083
    },
    "DNSLookup": {
      "average": 4.839173333333339e-6,
      "fastest": 4.16e-7,
      "slowest": 0.000122292
    }
  },
  "statusCodeDistribution": {
    "500": 10000
  },
  "errorDistribution": {}
}