{
  "summary": {
    "successRate": 1.0,
    "total": 0.303163125,
    "slowest": 0.039599334,
    "fastest": 0.000089625,
    "average": 0.004493883112200001,
    "requestsPerSec": 32985.54202461134,
    "totalData": 0,
    "sizePerRequest": 0,
    "sizePerSec": 0.0
  },
  "responseTimeHistogram": {
    "0.000089625": 1,
    "0.0040405959": 5841,
    "0.007991566799999999": 2508,
    "0.011942537699999999": 1144,
    "0.015893508599999998": 268,
    "0.019844479499999998": 90,
    "0.023795450399999998": 32,
    "0.027746421299999997": 40,
    "0.0316973922": 34,
    "0.035648363100000004": 25,
    "0.039599334": 17
  },
  "latencyPercentiles": {
    "p10": 0.000527292,
    "p25": 0.001338375,
    "p50": 0.003203833,
    "p75": 0.006267417,
    "p90": 0.009733042,
    "p95": 0.011990625,
    "p99": 0.025647667,
    "p99.9": 0.036843583,
    "p99.99": 0.038558083
  },
  "rps": {
    "mean": 32971.0530540704,
    "stddev": 6041.973573564932,
    "max": 35895.9307588611,
    "min": 3013.107015517501,
    "percentiles": {
      "p10": 31791.681339750205,
      "p25": 34046.38820392779,
      "p50": 34614.71125228223,
      "p75": 35133.08482598064,
      "p90": 35268.70077642383,
      "p95": 35414.60852601693,
      "p99": 35895.9307588611,
      "p99.9": 35895.9307588611,
      "p99.99": 35895.9307588611
    }
  },
  "details": {
    "DNSDialup": {
      "average": 0.005676767526666665,
      "fastest": 0.000691833,
      "slowest": 0.030363667
    },
    "DNSLookup": {
      "average": 3.5019599999999994e-6,
      "fastest": 4.16e-7,
      "slowest": 0.000081417
    }
  },
  "statusCodeDistribution": {
    "202": 10000
  },
  "errorDistribution": {}
}