{
  "summary": {
    "successRate": 1.0,
    "total": 3.228895125,
    "slowest": 0.088513791,
    "fastest": 0.013961833,
    "average": 0.04806747381420003,
    "requestsPerSec": 3097.0346241889783,
    "totalData": 210000,
    "sizePerRequest": 21,
    "sizePerSec": 65037.727107968545
  },
  "responseTimeHistogram": {
    "0.013961833": 1,
    "0.0214170288": 13,
    "0.0288722246": 59,
    "0.0363274204": 257,
    "0.0437826162": 5705,
    "0.051237812": 2151,
    "0.058693007799999995": 138,
    "0.0661482036": 84,
    "0.07360339939999999": 321,
    "0.0810585952": 923,
    "0.08851379100000001": 348
  },
  "latencyPercentiles": {
    "p10": 0.03953725,
    "p25": 0.040786416,
    "p50": 0.042729458,
    "p75": 0.04662925,
    "p90": 0.075241541,
    "p95": 0.079927458,
    "p99": 0.083889417,
    "p99.9": 0.087547333,
    "p99.99": 0.088271583
  },
  "rps": {
    "mean": 3136.2044554457716,
    "stddev": 499.06683587460674,
    "max": 6007.878542197757,
    "min": 19.013635704900313,
    "percentiles": {
      "p10": 2702.5336252737156,
      "p25": 2890.894343593531,
      "p50": 3110.263870773569,
      "p75": 3361.7725709919496,
      "p90": 3616.5155415234617,
      "p95": 3805.994441244961,
      "p99": 4765.082932213026,
      "p99.9": 6007.878542197757,
      "p99.99": 6007.878542197757
    }
  },
  "details": {
    "DNSDialup": {
      "average": 0.00704421088,
      "fastest": 0.000583083,
      "slowest": 0.038052917
    },
    "DNSLookup": {
      "average": 3.573906666666666e-6,
      "fastest": 3.75e-7,
      "slowest": 0.000090625
    }
  },
  "statusCodeDistribution": {
    "500": 10000
  },
  "errorDistribution": {}
}