{
  "summary": {
    "successRate": 1.0,
    "total": 0.267224667,
    "slowest": 0.059365916,
    "fastest": 0.000095167,
    "average": 0.0039599583832999885,
    "requestsPerSec": 37421.695056317534,
    "totalData": 0,
    "sizePerRequest": 0,
    "sizePerSec": 0.0
  },
  "responseTimeHistogram": {
    "0.000095167": 1,
    "0.0060222419": 7901,
    "0.0119493168": 1354,
    "0.0178763917": 556,
    "0.0238034666": 168,
    "0.0297305415": 7,
    "0.0356576164": 0,
    "0.0415846913": 1,
    "0.0475117662": 3,
    "0.0534388411": 6,
    "0.059365916": 3
  },
  "latencyPercentiles": {
    "p10": 0.00033375,
    "p25": 0.000895792,
    "p50": 0.002305792,
    "p75": 0.005229459,
    "p90": 0.010147125,
    "p95": 0.013689,
    "p99": 0.021341916,
    "p99.9": 0.046750625,
    "p99.99": 0.058609708
  },
  "rps": {
    "mean": 37352.9168661853,
    "stddev": 8529.951496370424,
    "max": 41502.02442664803,
    "min": 107.18783392359887,
    "percentiles": {
      "p10": 27073.890060753816,
      "p25": 39113.68979142698,
      "p50": 39841.16787876913,
      "p75": 40684.24894271056,
      "p90": 40908.69309728321,
      "p95": 40915.24597333309,
      "p99": 41502.02442664803,
      "p99.9": 41502.02442664803,
      "p99.99": 41502.02442664803
    }
  },
  "details": {
    "DNSDialup": {
      "average": 0.006697458299999999,
      "fastest": 0.000392584,
      "slowest": 0.039561708
    },
    "DNSLookup": {
      "average": 3.903546666666666e-6,
      "fastest": 4.16e-7,
      "slowest": 0.000165917
    }
  },
  "statusCodeDistribution": {
    "202": 10000
  },
  "errorDistribution": {}
}