{
  "summary": {
    "successRate": 1.0,
    "total": 0.272908,
    "slowest": 0.086561416,
    "fastest": 0.00009575,
    "average": 0.004042122180099995,
    "requestsPerSec": 36642.38497955355,
    "totalData": 0,
    "sizePerRequest": 0,
    "sizePerSec": 0.0
  },
  "responseTimeHistogram": {
    "0.00009575": 1,
    "0.0087423166": 8905,
    "0.017388883199999997": 991,
    "0.026035449799999996": 89,
    "0.034682016399999994": 0,
    "0.043328583": 0,
    "0.05197514959999999": 0,
    "0.06062171619999999": 0,
    "0.0692682828": 0,
    "0.0779148494": 0,
    "0.086561416": 14
  },
  "latencyPercentiles": {
    "p10": 0.000434959,
    "p25": 0.001160875,
    "p50": 0.002829875,
    "p75": 0.005632708,
    "p90": 0.009031709,
    "p95": 0.011449334,
    "p99": 0.017617708,
    "p99.9": 0.079531541,
    "p99.99": 0.085828125
  },
  "rps": {
    "mean": 36693.175321265815,
    "stddev": 7743.686247611439,
    "max": 40253.83951034509,
    "min": 3118.6730549163117,
    "percentiles": {
      "p10": 24417.702834555057,
      "p25": 38109.20718445575,
      "p50": 39259.7100930806,
      "p75": 39682.04136476084,
      "p90": 39999.16192232169,
      "p95": 40240.60663519312,
      "p99": 40253.83951034509,
      "p99.9": 40253.83951034509,
      "p99.99": 40253.83951034509
    }
  },
  "details": {
    "DNSDialup": {
      "average": 0.010203143039999996,
      "fastest": 0.000606292,
      "slowest": 0.078171292
    },
    "DNSLookup": {
      "average": 3.848840000000001e-6,
      "fastest": 4.16e-7,
      "slowest": 0.000096708
    }
  },
  "statusCodeDistribution": {
    "202": 10000
  },
  "errorDistribution": {}
}