{
  "summary": {
    "successRate": 1.0,
    "total": 0.033089333,
    "slowest": 0.005062542,
    "fastest": 0.000226291,
    "average": 0.0015393477420000007,
    "requestsPerSec": 30221.219629903087,
    "totalData": 2000,
    "sizePerRequest": 2,
    "sizePerSec": 60442.439259806175
  },
  "responseTimeHistogram": {
    "0.000226291": 1,
    "0.0007099160999999999": 160,
    "0.0011935411999999999": 72,
    "0.0016771663": 406,
    "0.0021607913999999997": 277,
    "0.0026444165": 29,
    "0.0031280416": 7,
    "0.0036116666999999997": 37,
    "0.0040952917999999994": 3,
    "0.0045789169": 7,
    "0.005062542": 1
  },
  "latencyPercentiles": {
    "p10": 0.000535541,
    "p25": 0.001462834,
    "p50": 0.00164175,
    "p75": 0.001713333,
    "p90": 0.002047084,
    "p95": 0.0029555,
    "p99": 0.003868292,
    "p99.9": 0.005062542,
    "p99.99": 0.005062542
  },
  "rps": {
    "mean": 33099.07740134144,
    "stddev": 11774.47095259051,
    "max": 45979.588418916326,
    "min": 18876.449620964908,
    "percentiles": {
      "p10": 18876.449620964908,
      "p25": 28931.584610919745,
      "p50": 38608.68695456478,
      "p75": 45979.588418916326,
      "p90": 45979.588418916326,
      "p95": 45979.588418916326,
      "p99": 45979.588418916326,
      "p99.9": 45979.588418916326,
      "p99.99": 45979.588418916326
    }
  },
  "details": {
    "DNSDialup": {
      "average": 0.0008078340800000001,
      "fastest": 0.000401,
      "slowest": 0.001046958
    },
    "DNSLookup": {
      "average": 8.697440000000002e-6,
      "fastest": 5e-7,
      "slowest": 0.000056916
    }
  },
  "statusCodeDistribution": {
    "202": 1000
  },
  "errorDistribution": {}
}