{
  "summary": {
    "successRate": 1.0,
    "total": 0.037038209,
    "slowest": 0.006569291,
    "fastest": 0.000252541,
    "average": 0.0017897473379999995,
    "requestsPerSec": 26999.145666033688,
    "totalData": 2000,
    "sizePerRequest": 2,
    "sizePerSec": 53998.291332067376
  },
  "responseTimeHistogram": {
    "0.000252541": 1,
    "0.000884216": 64,
    "0.001515891": 187,
    "0.002147566": 577,
    "0.002779241": 72,
    "0.003410916": 34,
    "0.004042591": 40,
    "0.004674266": 13,
    "0.005305941": 8,
    "0.005937616": 2,
    "0.006569291": 2
  },
  "latencyPercentiles": {
    "p10": 0.001061125,
    "p25": 0.001513917,
    "p50": 0.001625209,
    "p75": 0.001787125,
    "p90": 0.002776917,
    "p95": 0.003447625,
    "p99": 0.004895083,
    "p99.9": 0.006569291,
    "p99.99": 0.006569291
  },
  "rps": {
    "mean": 27316.111708419947,
    "stddev": 6139.54728640311,
    "max": 32766.900180097706,
    "min": 18549.62023412629,
    "percentiles": {
      "p10": 18549.62023412629,
      "p25": 28258.871707428083,
      "p50": 29689.054712027708,
      "p75": 32766.900180097706,
      "p90": 32766.900180097706,
      "p95": 32766.900180097706,
      "p99": 32766.900180097706,
      "p99.9": 32766.900180097706,
      "p99.99": 32766.900180097706
    }
  },
  "details": {
    "DNSDialup": {
      "average": 0.0008276709399999999,
      "fastest": 0.000389375,
      "slowest": 0.001137625
    },
    "DNSLookup": {
      "average": 7.97838e-6,
      "fastest": 5.83e-7,
      "slowest": 0.000054792
    }
  },
  "statusCodeDistribution": {
    "202": 1000
  },
  "errorDistribution": {}
}