{
  "summary": {
    "successRate": 1.0,
    "total": 0.032078084,
    "slowest": 0.004471958,
    "fastest": 0.000174333,
    "average": 0.0015358200269999988,
    "requestsPerSec": 31173.931709886412,
    "totalData": 2000,
    "sizePerRequest": 2,
    "sizePerSec": 62347.863419772824
  },
  "responseTimeHistogram": {
    "0.000174333": 1,
    "0.0006040955000000001": 132,
    "0.0010338580000000001": 63,
    "0.0014636205000000003": 48,
    "0.0018933830000000002": 604,
    "0.0023231455": 77,
    "0.0027529080000000005": 24,
    "0.0031826705000000005": 19,
    "0.0036124330000000004": 21,
    "0.0040421955": 5,
    "0.004471958": 6
  },
  "latencyPercentiles": {
    "p10": 0.000482333,
    "p25": 0.00146775,
    "p50": 0.001569792,
    "p75": 0.00172125,
    "p90": 0.002197167,
    "p95": 0.002824125,
    "p99": 0.003685625,
    "p99.9": 0.004471958,
    "p99.99": 0.004471958
  },
  "rps": {
    "mean": 38216.41172005644,
    "stddev": 20353.878983391874,
    "max": 66408.14348036844,
    "min": 19140.113850608104,
    "percentiles": {
      "p10": 19140.113850608104,
      "p25": 29042.59677669238,
      "p50": 38274.79277255685,
      "p75": 66408.14348036844,
      "p90": 66408.14348036844,
      "p95": 66408.14348036844,
      "p99": 66408.14348036844,
      "p99.9": 66408.14348036844,
      "p99.99": 66408.14348036844
    }
  },
  "details": {
    "DNSDialup": {
      "average": 0.00069858176,
      "fastest": 0.00018825,
      "slowest": 0.001110709
    },
    "DNSLookup": {
      "average": 0.000010318280000000003,
      "fastest": 5.41e-7,
      "slowest": 0.000108791
    }
  },
  "statusCodeDistribution": {
    "202": 1000
  },
  "errorDistribution": {}
}