{
  "summary": {
    "successRate": 1.0,
    "total": 0.035142917,
    "slowest": 0.00492725,
    "fastest": 0.000279542,
    "average": 0.0016861771959999993,
    "requestsPerSec": 28455.236086406825,
    "totalData": 2000,
    "sizePerRequest": 2,
    "sizePerSec": 56910.47217281365
  },
  "responseTimeHistogram": {
    "0.000279542": 1,
    "0.0007443128000000001": 62,
    "0.0012090836": 79,
    "0.0016738544000000001": 444,
    "0.0021386252": 284,
    "0.002603396": 57,
    "0.0030681668": 17,
    "0.0035329376": 41,
    "0.0039977084": 7,
    "0.0044624792": 6,
    "0.00492725": 2
  },
  "latencyPercentiles": {
    "p10": 0.000940709,
    "p25": 0.001505209,
    "p50": 0.001620667,
    "p75": 0.001771,
    "p90": 0.002369042,
    "p95": 0.003162875,
    "p99": 0.003964,
    "p99.9": 0.00492725,
    "p99.99": 0.00492725
  },
  "rps": {
    "mean": 30481.907474512744,
    "stddev": 10539.691078928738,
    "max": 44582.40657003889,
    "min": 19043.323561101504,
    "percentiles": {
      "p10": 19043.323561101504,
      "p25": 28997.50410756168,
      "p50": 29304.395659348902,
      "p75": 44582.40657003889,
      "p90": 44582.40657003889,
      "p95": 44582.40657003889,
      "p99": 44582.40657003889,
      "p99.9": 44582.40657003889,
      "p99.99": 44582.40657003889
    }
  },
  "details": {
    "DNSDialup": {
      "average": 0.0007305007399999999,
      "fastest": 0.000367125,
      "slowest": 0.001056167
    },
    "DNSLookup": {
      "average": 8.5017e-6,
      "fastest": 4.58e-7,
      "slowest": 0.000072959
    }
  },
  "statusCodeDistribution": {
    "202": 1000
  },
  "errorDistribution": {}
}