{
  "summary": {
    "successRate": 1.0,
    "total": 0.032330458,
    "slowest": 0.00490825,
    "fastest": 0.000220792,
    "average": 0.001510211713000001,
    "requestsPerSec": 30930.585641564372,
    "totalData": 2000,
    "sizePerRequest": 2,
    "sizePerSec": 61861.171283128744
  },
  "responseTimeHistogram": {
    "0.000220792": 1,
    "0.0006895378": 180,
    "0.0011582836": 88,
    "0.0016270294": 297,
    "0.0020957752": 312,
    "0.002564521": 54,
    "0.0030332668": 16,
    "0.0035020126000000003": 41,
    "0.0039707584": 4,
    "0.0044395042000000004": 4,
    "0.00490825": 3
  },
  "latencyPercentiles": {
    "p10": 0.000528584,
    "p25": 0.001000417,
    "p50": 0.001575042,
    "p75": 0.001717292,
    "p90": 0.002303917,
    "p95": 0.003065709,
    "p99": 0.003804666,
    "p99.9": 0.00490825,
    "p99.99": 0.00490825
  },
  "rps": {
    "mean": 31584.37615450949,
    "stddev": 10616.60571933118,
    "max": 44827.268427384384,
    "min": 19524.405506883606,
    "percentiles": {
      "p10": 19524.405506883606,
      "p25": 28110.189943854642,
      "p50": 33875.640739915325,
      "p75": 44827.268427384384,
      "p90": 44827.268427384384,
      "p95": 44827.268427384384,
      "p99": 44827.268427384384,
      "p99.9": 44827.268427384384,
      "p99.99": 44827.268427384384
    }
  },
  "details": {
    "DNSDialup": {
      "average": 0.0007428174600000001,
      "fastest": 0.000318125,
      "slowest": 0.001028416
    },
    "DNSLookup": {
      "average": 5.975800000000001e-6,
      "fastest": 5e-7,
      "slowest": 0.000050792
    }
  },
  "statusCodeDistribution": {
    "202": 1000
  },
  "errorDistribution": {}
}