{
  "summary": {
    "successRate": 1.0,
    "total": 0.036257333,
    "slowest": 0.004452083,
    "fastest": 0.000461459,
    "average": 0.0017487421360000007,
    "requestsPerSec": 27580.62762090085,
    "totalData": 2000,
    "sizePerRequest": 2,
    "sizePerSec": 55161.2552418017
  },
  "responseTimeHistogram": {
    "0.000461459": 1,
    "0.0008605214": 29,
    "0.0012595838": 73,
    "0.0016586461999999998": 414,
    "0.0020577086": 340,
    "0.002456771": 54,
    "0.0028558333999999996": 30,
    "0.0032548957999999997": 10,
    "0.0036539581999999998": 38,
    "0.0040530206": 4,
    "0.004452083": 7
  },
  "latencyPercentiles": {
    "p10": 0.001246875,
    "p25": 0.001551459,
    "p50": 0.001649834,
    "p75": 0.001799375,
    "p90": 0.002347917,
    "p95": 0.003227833,
    "p99": 0.003884542,
    "p99.9": 0.004452083,
    "p99.99": 0.004452083
  },
  "rps": {
    "mean": 28542.336531981404,
    "stddev": 7365.187372948801,
    "max": 36714.47922443563,
    "min": 19004.91086896854,
    "percentiles": {
      "p10": 19004.91086896854,
      "p25": 27800.275968101807,
      "p50": 30649.680066419653,
      "p75": 36714.47922443563,
      "p90": 36714.47922443563,
      "p95": 36714.47922443563,
      "p99": 36714.47922443563,
      "p99.9": 36714.47922443563,
      "p99.99": 36714.47922443563
    }
  },
  "details": {
    "DNSDialup": {
      "average": 0.00075504574,
      "fastest": 0.0003205,
      "slowest": 0.001063208
    },
    "DNSLookup": {
      "average": 6.95912e-6,
      "fastest": 5e-7,
      "slowest": 0.000038375
    }
  },
  "statusCodeDistribution": {
    "202": 1000
  },
  "errorDistribution": {}
}