{
  "summary": {
    "successRate": 1.0,
    "total": 0.03393,
    "slowest": 0.007295291,
    "fastest": 0.000330667,
    "average": 0.0015778303339999997,
    "requestsPerSec": 29472.443265546714,
    "totalData": 2000,
    "sizePerRequest": 2,
    "sizePerSec": 58944.88653109343
  },
  "responseTimeHistogram": {
    "0.000330667": 1,
    "0.0010271294": 132,
    "0.0017235918": 684,
    "0.0024200541999999997": 105,
    "0.0031165166": 46,
    "0.003812979": 18,
    "0.0045094414": 8,
    "0.0052059038": 3,
    "0.0059023662": 1,
    "0.0065988286": 1,
    "0.007295291000000001": 1
  },
  "latencyPercentiles": {
    "p10": 0.0006835,
    "p25": 0.001405792,
    "p50": 0.00151625,
    "p75": 0.001646166,
    "p90": 0.00224525,
    "p95": 0.0028935,
    "p99": 0.004206583,
    "p99.9": 0.007295291,
    "p99.99": 0.007295291
  },
  "rps": {
    "mean": 35080.09658808424,
    "stddev": 17175.301158138325,
    "max": 59715.06725983637,
    "min": 19773.343925803823,
    "percentiles": {
      "p10": 19773.343925803823,
      "p25": 30037.419927697087,
      "p50": 30794.55523899969,
      "p75": 59715.06725983637,
      "p90": 59715.06725983637,
      "p95": 59715.06725983637,
      "p99": 59715.06725983637,
      "p99.9": 59715.06725983637,
      "p99.99": 59715.06725983637
    }
  },
  "details": {
    "DNSDialup": {
      "average": 0.0007182849999999999,
      "fastest": 0.000446,
      "slowest": 0.001103209
    },
    "DNSLookup": {
      "average": 0.000021844960000000002,
      "fastest": 5e-7,
      "slowest": 0.000318292
    }
  },
  "statusCodeDistribution": {
    "202": 1000
  },
  "errorDistribution": {}
}