{
  "summary": {
    "successRate": 1.0,
    "total": 0.033114084,
    "slowest": 0.005290875,
    "fastest": 0.00040325,
    "average": 0.001544031917000001,
    "requestsPerSec": 30198.630890711032,
    "totalData": 2000,
    "sizePerRequest": 2,
    "sizePerSec": 60397.261781422065
  },
  "responseTimeHistogram": {
    "0.00040325": 1,
    "0.0008920124999999999": 203,
    "0.0013807749999999999": 39,
    "0.0018695374999999998": 595,
    "0.0023583": 85,
    "0.0028470624999999998": 20,
    "0.0033358249999999997": 7,
    "0.0038245874999999997": 38,
    "0.00431335": 9,
    "0.0048021125": 1,
    "0.005290875": 2
  },
  "latencyPercentiles": {
    "p10": 0.000522917,
    "p25": 0.001417833,
    "p50": 0.001554042,
    "p75": 0.001671917,
    "p90": 0.00224075,
    "p95": 0.003344667,
    "p99": 0.003861833,
    "p99.9": 0.005290875,
    "p99.99": 0.005290875
  },
  "rps": {
    "mean": 33523.94759495491,
    "stddev": 12998.216200945662,
    "max": 49492.32537956985,
    "min": 18730.778171697853,
    "percentiles": {
      "p10": 18730.778171697853,
      "p25": 28914.94034967868,
      "p50": 36957.74647887324,
      "p75": 49492.32537956985,
      "p90": 49492.32537956985,
      "p95": 49492.32537956985,
      "p99": 49492.32537956985,
      "p99.9": 49492.32537956985,
      "p99.99": 49492.32537956985
    }
  },
  "details": {
    "DNSDialup": {
      "average": 0.0007497349199999998,
      "fastest": 0.000351209,
      "slowest": 0.001175209
    },
    "DNSLookup": {
      "average": 0.000012079079999999998,
      "fastest": 5e-7,
      "slowest": 0.00011275
    }
  },
  "statusCodeDistribution": {
    "202": 1000
  },
  "errorDistribution": {}
}