{
  "summary": {
    "successRate": 1.0,
    "total": 0.037949917,
    "slowest": 0.005734959,
    "fastest": 0.000437,
    "average": 0.0018243395879999963,
    "requestsPerSec": 26350.51876398043,
    "totalData": 2000,
    "sizePerRequest": 2,
    "sizePerSec": 52701.03752796086
  },
  "responseTimeHistogram": {
    "0.000437": 1,
    "0.0009667959000000001": 63,
    "0.0014965918": 72,
    "0.0020263877000000004": 689,
    "0.0025561836000000003": 86,
    "0.0030859795000000006": 25,
    "0.0036157754000000005": 6,
    "0.0041455713": 42,
    "0.004675367200000001": 9,
    "0.005205163100000001": 5,
    "0.005734959000000001": 2
  },
  "latencyPercentiles": {
    "p10": 0.001209584,
    "p25": 0.001609375,
    "p50": 0.001678625,
    "p75": 0.001796583,
    "p90": 0.002470584,
    "p95": 0.003804833,
    "p99": 0.004461792,
    "p99.9": 0.005734959,
    "p99.99": 0.005734959
  },
  "rps": {
    "mean": 27005.55221029542,
    "stddev": 6559.681278416418,
    "max": 33789.42635061348,
    "min": 18134.606269143405,
    "percentiles": {
      "p10": 18134.606269143405,
      "p25": 27001.30692416033,
      "p50": 29096.86929726446,
      "p75": 33789.42635061348,
      "p90": 33789.42635061348,
      "p95": 33789.42635061348,
      "p99": 33789.42635061348,
      "p99.9": 33789.42635061348,
      "p99.99": 33789.42635061348
    }
  },
  "details": {
    "DNSDialup": {
      "average": 0.00081058578,
      "fastest": 0.000324,
      "slowest": 0.001076833
    },
    "DNSLookup": {
      "average": 0.0000141716,
      "fastest": 4.16e-7,
      "slowest": 0.000131083
    }
  },
  "statusCodeDistribution": {
    "202": 1000
  },
  "errorDistribution": {}
}