{
  "summary": {
    "successRate": 1.0,
    "total": 0.034926,
    "slowest": 0.00589675,
    "fastest": 0.000213042,
    "average": 0.0016714411229999994,
    "requestsPerSec": 28631.96472541946,
    "totalData": 2000,
    "sizePerRequest": 2,
    "sizePerSec": 57263.92945083892
  },
  "responseTimeHistogram": {
    "0.000213042": 1,
    "0.0007814127999999999": 90,
    "0.0013497836": 109,
    "0.0019181544": 623,
    "0.0024865252": 90,
    "0.0030548959999999997": 36,
    "0.0036232668": 39,
    "0.0041916376": 6,
    "0.0047600084": 2,
    "0.0053283791999999995": 2,
    "0.005896749999999999": 2
  },
  "latencyPercentiles": {
    "p10": 0.000827709,
    "p25": 0.001531125,
    "p50": 0.001666042,
    "p75": 0.001765125,
    "p90": 0.00236675,
    "p95": 0.003079666,
    "p99": 0.003765667,
    "p99.9": 0.00589675,
    "p99.99": 0.00589675
  },
  "rps": {
    "mean": 30303.33301930087,
    "stddev": 9098.676043272177,
    "max": 39735.45586181291,
    "min": 18840.820521742407,
    "percentiles": {
      "p10": 18840.820521742407,
      "p25": 27716.97664819702,
      "p50": 34920.07904545114,
      "p75": 39735.45586181291,
      "p90": 39735.45586181291,
      "p95": 39735.45586181291,
      "p99": 39735.45586181291,
      "p99.9": 39735.45586181291,
      "p99.99": 39735.45586181291
    }
  },
  "details": {
    "DNSDialup": {
      "average": 0.0006612374400000002,
      "fastest": 0.000355667,
      "slowest": 0.001001
    },
    "DNSLookup": {
      "average": 0.000018686700000000002,
      "fastest": 3.75e-7,
      "slowest": 0.000158667
    }
  },
  "statusCodeDistribution": {
    "202": 1000
  },
  "errorDistribution": {}
}