{
  "summary": {
    "successRate": 1.0,
    "total": 0.037435042,
    "slowest": 0.008820417,
    "fastest": 0.000406625,
    "average": 0.0018080256349999988,
    "requestsPerSec": 26712.939176079995,
    "totalData": 2000,
    "sizePerRequest": 2,
    "sizePerSec": 53425.87835215999
  },
  "responseTimeHistogram": {
    "0.000406625": 1,
    "0.0012480042000000001": 136,
    "0.0020893834": 676,
    "0.0029307626": 116,
    "0.0037721418": 45,
    "0.004613521": 16,
    "0.0054549002000000004": 3,
    "0.0062962794": 1,
    "0.0071376586": 2,
    "0.0079790378": 1,
    "0.008820417": 3
  },
  "latencyPercentiles": {
    "p10": 0.001101167,
    "p25": 0.001487333,
    "p50": 0.001676125,
    "p75": 0.00178625,
    "p90": 0.002534792,
    "p95": 0.003355166,
    "p99": 0.00502775,
    "p99.9": 0.008820417,
    "p99.99": 0.008820417
  },
  "rps": {
    "mean": 27063.870642723876,
    "stddev": 5773.794761018797,
    "max": 31266.526831356627,
    "min": 18630.583966639635,
    "percentiles": {
      "p10": 18630.583966639635,
      "p25": 28111.86272415195,
      "p50": 30246.509048747288,
      "p75": 31266.526831356627,
      "p90": 31266.526831356627,
      "p95": 31266.526831356627,
      "p99": 31266.526831356627,
      "p99.9": 31266.526831356627,
      "p99.99": 31266.526831356627
    }
  },
  "details": {
    "DNSDialup": {
      "average": 0.0007809958600000001,
      "fastest": 0.000424125,
      "slowest": 0.001074
    },
    "DNSLookup": {
      "average": 0.000010355860000000003,
      "fastest": 4.17e-7,
      "slowest": 0.000082417
    }
  },
  "statusCodeDistribution": {
    "202": 1000
  },
  "errorDistribution": {}
}