{
  "summary": {
    "successRate": 1.0,
    "total": 0.035713291,
    "slowest": 0.00429475,
    "fastest": 0.000277667,
    "average": 0.0017014549729999994,
    "requestsPerSec": 28000.779877721154,
    "totalData": 2000,
    "sizePerRequest": 2,
    "sizePerSec": 56001.55975544231
  },
  "responseTimeHistogram": {
    "0.000277667": 1,
    "0.0006793753": 25,
    "0.0010810836": 48,
    "0.0014827919": 228,
    "0.0018845002": 521,
    "0.0022862085000000002": 74,
    "0.0026879168": 33,
    "0.0030896251000000004": 26,
    "0.0034913334000000002": 23,
    "0.0038930417": 17,
    "0.00429475": 4
  },
  "latencyPercentiles": {
    "p10": 0.001253458,
    "p25": 0.001433916,
    "p50": 0.001650125,
    "p75": 0.00176275,
    "p90": 0.002295167,
    "p95": 0.003020375,
    "p99": 0.00370475,
    "p99.9": 0.00429475,
    "p99.99": 0.00429475
  },
  "rps": {
    "mean": 28939.77333767742,
    "stddev": 7381.682707456025,
    "max": 36547.34622097843,
    "min": 18931.0196942016,
    "percentiles": {
      "p10": 18931.0196942016,
      "p25": 29014.626273104273,
      "p50": 31266.10116242538,
      "p75": 36547.34622097843,
      "p90": 36547.34622097843,
      "p95": 36547.34622097843,
      "p99": 36547.34622097843,
      "p99.9": 36547.34622097843,
      "p99.99": 36547.34622097843
    }
  },
  "details": {
    "DNSDialup": {
      "average": 0.00065162082,
      "fastest": 0.000305959,
      "slowest": 0.00096625
    },
    "DNSLookup": {
      "average": 0.000011169119999999998,
      "fastest": 4.58e-7,
      "slowest": 0.0000865
    }
  },
  "statusCodeDistribution": {
    "202": 1000
  },
  "errorDistribution": {}
}