{
  "summary": {
    "successRate": 1.0,
    "total": 0.033111708,
    "slowest": 0.005040833,
    "fastest": 0.000489417,
    "average": 0.0015384859019999997,
    "requestsPerSec": 30200.7978567581,
    "totalData": 2000,
    "sizePerRequest": 2,
    "sizePerSec": 60401.5957135162
  },
  "responseTimeHistogram": {
    "0.000489417": 1,
    "0.0009445586000000001": 226,
    "0.0013997001999999999": 37,
    "0.0018548418": 578,
    "0.0023099834": 68,
    "0.0027651250000000002": 31,
    "0.0032202665999999996": 14,
    "0.0036754082": 31,
    "0.0041305498": 9,
    "0.0045856913999999995": 4,
    "0.005040833": 1
  },
  "latencyPercentiles": {
    "p10": 0.000600708,
    "p25": 0.001130167,
    "p50": 0.001590541,
    "p75": 0.001675583,
    "p90": 0.002223083,
    "p95": 0.00314625,
    "p99": 0.003872375,
    "p99.9": 0.005040833,
    "p99.99": 0.005040833
  },
  "rps": {
    "mean": 33066.03730048927,
    "stddev": 11411.098071625325,
    "max": 45199.704463470815,
    "min": 19403.15301236451,
    "percentiles": {
      "p10": 19403.15301236451,
      "p25": 28559.500864100264,
      "p50": 39101.79086202148,
      "p75": 45199.704463470815,
      "p90": 45199.704463470815,
      "p95": 45199.704463470815,
      "p99": 45199.704463470815,
      "p99.9": 45199.704463470815,
      "p99.99": 45199.704463470815
    }
  },
  "details": {
    "DNSDialup": {
      "average": 0.0008270267000000003,
      "fastest": 0.000434917,
      "slowest": 0.001029166
    },
    "DNSLookup": {
      "average": 0.000011976700000000002,
      "fastest": 4.59e-7,
      "slowest": 0.000127333
    }
  },
  "statusCodeDistribution": {
    "202": 1000
  },
  "errorDistribution": {}
}