{
  "summary": {
    "successRate": 1.0,
    "total": 0.037472375,
    "slowest": 0.005547084,
    "fastest": 0.000293833,
    "average": 0.0018088524010000015,
    "requestsPerSec": 26686.32559318698,
    "totalData": 2000,
    "sizePerRequest": 2,
    "sizePerSec": 53372.65118637396
  },
  "responseTimeHistogram": {
    "0.000293833": 1,
    "0.0008191581": 44,
    "0.0013444832": 88,
    "0.0018698082999999998": 609,
    "0.0023951333999999995": 144,
    "0.002920458499999999": 40,
    "0.0034457835999999993": 24,
    "0.0039711087": 29,
    "0.0044964338": 17,
    "0.005021758899999999": 3,
    "0.005547083999999999": 1
  },
  "latencyPercentiles": {
    "p10": 0.001107458,
    "p25": 0.001568417,
    "p50": 0.00168925,
    "p75": 0.001888416,
    "p90": 0.00249375,
    "p95": 0.003448792,
    "p99": 0.004270416,
    "p99.9": 0.005547084,
    "p99.99": 0.005547084
  },
  "rps": {
    "mean": 27159.659530573757,
    "stddev": 6342.079446725745,
    "max": 33372.048483555336,
    "min": 18453.43746420886,
    "percentiles": {
      "p10": 18453.43746420886,
      "p25": 27148.753731951838,
      "p50": 29664.398442578993,
      "p75": 33372.048483555336,
      "p90": 33372.048483555336,
      "p95": 33372.048483555336,
      "p99": 33372.048483555336,
      "p99.9": 33372.048483555336,
      "p99.99": 33372.048483555336
    }
  },
  "details": {
    "DNSDialup": {
      "average": 0.00082175752,
      "fastest": 0.000362709,
      "slowest": 0.001115
    },
    "DNSLookup": {
      "average": 5.739199999999999e-6,
      "fastest": 4.58e-7,
      "slowest": 0.000031583
    }
  },
  "statusCodeDistribution": {
    "202": 1000
  },
  "errorDistribution": {}
}