{
  "summary": {
    "successRate": 1.0,
    "total": 0.033598208,
    "slowest": 0.004514334,
    "fastest": 0.000447083,
    "average": 0.0016157620510000013,
    "requestsPerSec": 29763.492148152665,
    "totalData": 2000,
    "sizePerRequest": 2,
    "sizePerSec": 59526.98429630533
  },
  "responseTimeHistogram": {
    "0.000447083": 1,
    "0.0008538081": 119,
    "0.0012605332": 51,
    "0.0016672583000000001": 478,
    "0.0020739834": 221,
    "0.0024807085": 58,
    "0.0028874336000000002": 19,
    "0.0032941587": 13,
    "0.0037008838": 33,
    "0.0041076089": 0,
    "0.004514334": 7
  },
  "latencyPercentiles": {
    "p10": 0.000772333,
    "p25": 0.001426792,
    "p50": 0.001577375,
    "p75": 0.001740375,
    "p90": 0.002256583,
    "p95": 0.003066667,
    "p99": 0.003547958,
    "p99.9": 0.004514334,
    "p99.99": 0.004514334
  },
  "rps": {
    "mean": 34273.976462045954,
    "stddev": 16750.513740092276,
    "max": 58169.00369452497,
    "min": 19133.942508948956,
    "percentiles": {
      "p10": 19133.942508948956,
      "p25": 28627.38103419764,
      "p50": 31165.578610512242,
      "p75": 58169.00369452497,
      "p90": 58169.00369452497,
      "p95": 58169.00369452497,
      "p99": 58169.00369452497,
      "p99.9": 58169.00369452497,
      "p99.99": 58169.00369452497
    }
  },
  "details": {
    "DNSDialup": {
      "average": 0.0008031207599999999,
      "fastest": 0.000314708,
      "slowest": 0.00112125
    },
    "DNSLookup": {
      "average": 0.000013054979999999998,
      "fastest": 4.58e-7,
      "slowest": 0.000157416
    }
  },
  "statusCodeDistribution": {
    "202": 1000
  },
  "errorDistribution": {}
}