{
  "summary": {
    "successRate": 1.0,
    "total": 0.03339425,
    "slowest": 0.005041083,
    "fastest": 0.000208583,
    "average": 0.0015899792999999986,
    "requestsPerSec": 29945.275009919373,
    "totalData": 2000,
    "sizePerRequest": 2,
    "sizePerSec": 59890.550019838745
  },
  "responseTimeHistogram": {
    "0.000208583": 1,
    "0.000691833": 63,
    "0.001175083": 68,
    "0.0016583330000000001": 581,
    "0.002141583": 157,
    "0.002624833": 72,
    "0.003108083": 28,
    "0.003591333": 23,
    "0.004074583": 5,
    "0.004557833": 1,
    "0.005041083": 1
  },
  "latencyPercentiles": {
    "p10": 0.001070542,
    "p25": 0.001367625,
    "p50": 0.001539,
    "p75": 0.001688042,
    "p90": 0.002277583,
    "p95": 0.002797333,
    "p99": 0.003459541,
    "p99.9": 0.005041083,
    "p99.99": 0.005041083
  },
  "rps": {
    "mean": 33268.02077026817,
    "stddev": 12747.370067607859,
    "max": 50724.15404124681,
    "min": 20225.428581888005,
    "percentiles": {
      "p10": 20225.428581888005,
      "p25": 29852.767976062547,
      "p50": 32269.732481875337,
      "p75": 50724.15404124681,
      "p90": 50724.15404124681,
      "p95": 50724.15404124681,
      "p99": 50724.15404124681,
      "p99.9": 50724.15404124681,
      "p99.99": 50724.15404124681
    }
  },
  "details": {
    "DNSDialup": {
      "average": 0.0005918116400000002,
      "fastest": 0.000292292,
      "slowest": 0.000877792
    },
    "DNSLookup": {
      "average": 0.000011254159999999999,
      "fastest": 4.16e-7,
      "slowest": 0.000122875
    }
  },
  "statusCodeDistribution": {
    "202": 1000
  },
  "errorDistribution": {}
}