{
  "summary": {
    "successRate": 1.0,
    "total": 0.046876334,
    "slowest": 0.003911291,
    "fastest": 0.00081375,
    "average": 0.002271198080000002,
    "requestsPerSec": 21332.726232388395,
    "totalData": 14000,
    "sizePerRequest": 14,
    "sizePerSec": 298658.1672534375
  },
  "responseTimeHistogram": {
    "0.00081375": 1,
    "0.0011235041": 11,
    "0.0014332581999999998": 218,
    "0.0017430122999999998": 331,
    "0.0020527664": 20,
    "0.0023625204999999996": 16,
    "0.0026722746": 17,
    "0.0029820287": 17,
    "0.0032917827999999994": 18,
    "0.0036015368999999997": 278,
    "0.003911291": 73
  },
  "latencyPercentiles": {
    "p10": 0.001359625,
    "p25": 0.001446417,
    "p50": 0.00158,
    "p75": 0.003436916,
    "p90": 0.003587042,
    "p95": 0.003616375,
    "p99": 0.003666375,
    "p99.9": 0.003911291,
    "p99.99": 0.003911291
  },
  "rps": {
    "mean": 22407.844147046555,
    "stddev": 11684.392476845975,
    "max": 37284.33752238703,
    "min": 12616.768947608267,
    "percentiles": {
      "p10": 12616.768947608267,
      "p25": 14216.456950400596,
      "p50": 15100.733976208492,
      "p75": 32820.92333862838,
      "p90": 37284.33752238703,
      "p95": 37284.33752238703,
      "p99": 37284.33752238703,
      "p99.9": 37284.33752238703,
      "p99.99": 37284.33752238703
    }
  },
  "details": {
    "DNSDialup": {
      "average": 0.0011249746600000001,
      "fastest": 0.000210084,
      "slowest": 0.001977167
    },
    "DNSLookup": {
      "average": 1.0547759999999994e-6,
      "fastest": 4.16e-7,
      "slowest": 0.000095583
    }
  },
  "statusCodeDistribution": {
    "202": 1000
  },
  "errorDistribution": {}
}