{
  "summary": {
    "successRate": 1.0,
    "total": 0.02300975,
    "slowest": 0.002489959,
    "fastest": 0.000258042,
    "average": 0.0010387934949999992,
    "requestsPerSec": 43459.83767750628,
    "totalData": 21000,
    "sizePerRequest": 21,
    "sizePerSec": 912656.5912276318
  },
  "responseTimeHistogram": {
    "0.000258042": 1,
    "0.0004812337": 3,
    "0.0007044254": 55,
    "0.0009276171": 265,
    "0.0011508088": 463,
    "0.0013740005": 97,
    "0.0015971922": 87,
    "0.0018203839": 24,
    "0.0020435756": 0,
    "0.0022667673": 3,
    "0.002489959": 2
  },
  "latencyPercentiles": {
    "p10": 0.000779625,
    "p25": 0.000867458,
    "p50": 0.001031541,
    "p75": 0.00109175,
    "p90": 0.001385917,
    "p95": 0.001485083,
    "p99": 0.001716792,
    "p99.9": 0.002489959,
    "p99.99": 0.002489959
  },
  "rps": {
    "mean": 50906.19919844575,
    "stddev": 13888.865640090922,
    "max": 64627.62906541447,
    "min": 36855.744313273826,
    "percentiles": {
      "p10": 36855.744313273826,
      "p25": 36855.744313273826,
      "p50": 51235.22421664895,
      "p75": 64627.62906541447,
      "p90": 64627.62906541447,
      "p95": 64627.62906541447,
      "p99": 64627.62906541447,
      "p99.9": 64627.62906541447,
      "p99.99": 64627.62906541447
    }
  },
  "details": {
    "DNSDialup": {
      "average": 0.0006686550399999999,
      "fastest": 0.000458709,
      "slowest": 0.001055584
    },
    "DNSLookup": {
      "average": 6.75414e-6,
      "fastest": 5.83e-7,
      "slowest": 0.000055875
    }
  },
  "statusCodeDistribution": {
    "200": 1000
  },
  "errorDistribution": {}
}