{
  "summary": {
    "successRate": 1.0,
    "total": 0.023802875,
    "slowest": 0.002300791,
    "fastest": 0.000509125,
    "average": 0.0010843465020000014,
    "requestsPerSec": 42011.73177609847,
    "totalData": 21000,
    "sizePerRequest": 21,
    "sizePerSec": 882246.3672980679
  },
  "responseTimeHistogram": {
    "0.000509125": 1,
    "0.0006882916": 68,
    "0.0008674582000000001": 60,
    "0.0010466248": 197,
    "0.0012257914": 574,
    "0.001404958": 48,
    "0.0015841246": 7,
    "0.0017632912": 11,
    "0.0019424578": 14,
    "0.0021216244": 14,
    "0.002300791": 6
  },
  "latencyPercentiles": {
    "p10": 0.000787375,
    "p25": 0.001017375,
    "p50": 0.00110625,
    "p75": 0.001142791,
    "p90": 0.001225959,
    "p95": 0.001455125,
    "p99": 0.002098417,
    "p99.9": 0.002300791,
    "p99.99": 0.002300791
  },
  "rps": {
    "mean": 42365.34925052863,
    "stddev": 5952.3279014423315,
    "max": 47958.35092557113,
    "min": 36109.23042202663,
    "percentiles": {
      "p10": 36109.23042202663,
      "p25": 36109.23042202663,
      "p50": 43028.46640398813,
      "p75": 47958.35092557113,
      "p90": 47958.35092557113,
      "p95": 47958.35092557113,
      "p99": 47958.35092557113,
      "p99.9": 47958.35092557113,
      "p99.99": 47958.35092557113
    }
  },
  "details": {
    "DNSDialup": {
      "average": 0.00079546248,
      "fastest": 0.000408791,
      "slowest": 0.00107275
    },
    "DNSLookup": {
      "average": 8.40914e-6,
      "fastest": 5e-7,
      "slowest": 0.000102584
    }
  },
  "statusCodeDistribution": {
    "200": 1000
  },
  "errorDistribution": {}
}