{
  "summary": {
    "successRate": 1.0,
    "total": 0.023745917,
    "slowest": 0.002028625,
    "fastest": 0.000513167,
    "average": 0.0010732023150000006,
    "requestsPerSec": 42112.50296208818,
    "totalData": 21000,
    "sizePerRequest": 21,
    "sizePerSec": 884362.5622038518
  },
  "responseTimeHistogram": {
    "0.000513167": 1,
    "0.0006647128000000001": 32,
    "0.0008162586": 34,
    "0.0009678044": 179,
    "0.0011193502": 409,
    "0.001270896": 225,
    "0.0014224418": 81,
    "0.0015739876": 5,
    "0.0017255334000000002": 4,
    "0.0018770791999999999": 12,
    "0.002028625": 18
  },
  "latencyPercentiles": {
    "p10": 0.000859375,
    "p25": 0.000973458,
    "p50": 0.001041,
    "p75": 0.001167125,
    "p90": 0.0013025,
    "p95": 0.00136475,
    "p99": 0.001944667,
    "p99.9": 0.002028625,
    "p99.99": 0.002028625
  },
  "rps": {
    "mean": 41764.761010127266,
    "stddev": 8810.788279394592,
    "max": 51470.774853430106,
    "min": 34270.73883681081,
    "percentiles": {
      "p10": 34270.73883681081,
      "p25": 34270.73883681081,
      "p50": 39552.76934014089,
      "p75": 51470.774853430106,
      "p90": 51470.774853430106,
      "p95": 51470.774853430106,
      "p99": 51470.774853430106,
      "p99.9": 51470.774853430106,
      "p99.99": 51470.774853430106
    }
  },
  "details": {
    "DNSDialup": {
      "average": 0.00073968158,
      "fastest": 0.000273,
      "slowest": 0.001053875
    },
    "DNSLookup": {
      "average": 0.000012258239999999998,
      "fastest": 5e-7,
      "slowest": 0.000096583
    }
  },
  "statusCodeDistribution": {
    "200": 1000
  },
  "errorDistribution": {}
}