{
  "summary": {
    "successRate": 1.0,
    "total": 0.022531875,
    "slowest": 0.002091417,
    "fastest": 0.000627625,
    "average": 0.0010632546219999997,
    "requestsPerSec": 44381.570552827936,
    "totalData": 21000,
    "sizePerRequest": 21,
    "sizePerSec": 932012.9816093867
  },
  "responseTimeHistogram": {
    "0.000627625": 1,
    "0.0007740042000000001": 28,
    "0.0009203834": 98,
    "0.0010667626": 554,
    "0.0012131417999999999": 187,
    "0.0013595209999999998": 72,
    "0.0015059002": 21,
    "0.0016522794000000001": 5,
    "0.0017986586": 5,
    "0.0019450378": 14,
    "0.002091417": 15
  },
  "latencyPercentiles": {
    "p10": 0.000896,
    "p25": 0.000966,
    "p50": 0.001011083,
    "p75": 0.001115458,
    "p90": 0.001274375,
    "p95": 0.001393708,
    "p99": 0.002024125,
    "p99.9": 0.002091417,
    "p99.99": 0.002091417
  },
  "rps": {
    "mean": 47253.00061810026,
    "stddev": 9436.942324116664,
    "max": 54237.288135593226,
    "min": 36517.19229413208,
    "percentiles": {
      "p10": 36517.19229413208,
      "p25": 36517.19229413208,
      "p50": 51004.52142457547,
      "p75": 54237.288135593226,
      "p90": 54237.288135593226,
      "p95": 54237.288135593226,
      "p99": 54237.288135593226,
      "p99.9": 54237.288135593226,
      "p99.99": 54237.288135593226
    }
  },
  "details": {
    "DNSDialup": {
      "average": 0.00071615256,
      "fastest": 0.000411375,
      "slowest": 0.000940375
    },
    "DNSLookup": {
      "average": 5.938340000000001e-6,
      "fastest": 5e-7,
      "slowest": 0.000045542
    }
  },
  "statusCodeDistribution": {
    "200": 1000
  },
  "errorDistribution": {}
}