{
  "summary": {
    "successRate": 1.0,
    "total": 0.024037584,
    "slowest": 0.002311292,
    "fastest": 0.000400042,
    "average": 0.0011271136959999995,
    "requestsPerSec": 41601.51868840063,
    "totalData": 21000,
    "sizePerRequest": 21,
    "sizePerSec": 873631.8924564132
  },
  "responseTimeHistogram": {
    "0.000400042": 1,
    "0.000591167": 10,
    "0.000782292": 3,
    "0.000973417": 192,
    "0.001164542": 558,
    "0.001355667": 157,
    "0.001546792": 28,
    "0.001737917": 15,
    "0.001929042": 3,
    "0.002120167": 16,
    "0.002311292": 17
  },
  "latencyPercentiles": {
    "p10": 0.000924,
    "p25": 0.001007834,
    "p50": 0.001104209,
    "p75": 0.001161042,
    "p90": 0.00129375,
    "p95": 0.00155725,
    "p99": 0.002181167,
    "p99.9": 0.002311292,
    "p99.99": 0.002311292
  },
  "rps": {
    "mean": 43940.51788318222,
    "stddev": 9411.62168111063,
    "max": 52386.283803072074,
    "min": 33794.76389744482,
    "percentiles": {
      "p10": 33794.76389744482,
      "p25": 33794.76389744482,
      "p50": 45640.50594902977,
      "p75": 52386.283803072074,
      "p90": 52386.283803072074,
      "p95": 52386.283803072074,
      "p99": 52386.283803072074,
      "p99.9": 52386.283803072074,
      "p99.99": 52386.283803072074
    }
  },
  "details": {
    "DNSDialup": {
      "average": 0.0007258533400000001,
      "fastest": 0.000224625,
      "slowest": 0.001023542
    },
    "DNSLookup": {
      "average": 0.0000166042,
      "fastest": 4.58e-7,
      "slowest": 0.000192625
    }
  },
  "statusCodeDistribution": {
    "200": 1000
  },
  "errorDistribution": {}
}