{
  "summary": {
    "successRate": 1.0,
    "total": 0.02283075,
    "slowest": 0.00213275,
    "fastest": 0.000641583,
    "average": 0.0010737864440000019,
    "requestsPerSec": 43800.5759775741,
    "totalData": 21000,
    "sizePerRequest": 21,
    "sizePerSec": 919812.0955290562
  },
  "responseTimeHistogram": {
    "0.000641583": 1,
    "0.0007906997": 66,
    "0.0009398164": 104,
    "0.0010889331": 573,
    "0.0012380498": 121,
    "0.0013871665": 45,
    "0.0015362832": 40,
    "0.0016853999": 10,
    "0.0018345166": 6,
    "0.0019836333": 17,
    "0.00213275": 17
  },
  "latencyPercentiles": {
    "p10": 0.000826291,
    "p25": 0.000989833,
    "p50": 0.001027042,
    "p75": 0.001092166,
    "p90": 0.0013595,
    "p95": 0.001551,
    "p99": 0.002034,
    "p99.9": 0.00213275,
    "p99.99": 0.00213275
  },
  "rps": {
    "mean": 46497.28938186423,
    "stddev": 9739.66951139453,
    "max": 53315.687479321314,
    "min": 35342.55951016214,
    "percentiles": {
      "p10": 35342.55951016214,
      "p25": 35342.55951016214,
      "p50": 50833.62115610924,
      "p75": 53315.687479321314,
      "p90": 53315.687479321314,
      "p95": 53315.687479321314,
      "p99": 53315.687479321314,
      "p99.9": 53315.687479321314,
      "p99.99": 53315.687479321314
    }
  },
  "details": {
    "DNSDialup": {
      "average": 0.00082016834,
      "fastest": 0.000461875,
      "slowest": 0.001005541
    },
    "DNSLookup": {
      "average": 5.916720000000002e-6,
      "fastest": 3.75e-7,
      "slowest": 0.000038041
    }
  },
  "statusCodeDistribution": {
    "200": 1000
  },
  "errorDistribution": {}
}