{
  "summary": {
    "successRate": 1.0,
    "total": 0.04593075,
    "slowest": 0.003598458,
    "fastest": 0.001003291,
    "average": 0.0022075192529999984,
    "requestsPerSec": 21771.906620292506,
    "totalData": 14000,
    "sizePerRequest": 14,
    "sizePerSec": 304806.69268409506
  },
  "responseTimeHistogram": {
    "0.001003291": 1,
    "0.0012628077": 35,
    "0.0015223244": 180,
    "0.0017818411": 379,
    "0.0020413578": 19,
    "0.0023008745000000002": 12,
    "0.0025603912": 12,
    "0.0028199079": 13,
    "0.0030794246": 16,
    "0.0033389413000000003": 90,
    "0.003598458": 243
  },
  "latencyPercentiles": {
    "p10": 0.001453667,
    "p25": 0.001533375,
    "p50": 0.001630792,
    "p75": 0.003332709,
    "p90": 0.003437166,
    "p95": 0.0034695,
    "p99": 0.003555584,
    "p99.9": 0.003598458,
    "p99.99": 0.003598458
  },
  "rps": {
    "mean": 22805.771427613086,
    "stddev": 10016.120774297367,
    "max": 34350.09618026931,
    "min": 13445.550651749974,
    "percentiles": {
      "p10": 13445.550651749974,
      "p25": 15067.327893447136,
      "p50": 18333.91774783349,
      "p75": 32831.96466476553,
      "p90": 34350.09618026931,
      "p95": 34350.09618026931,
      "p99": 34350.09618026931,
      "p99.9": 34350.09618026931,
      "p99.99": 34350.09618026931
    }
  },
  "details": {
    "DNSDialup": {
      "average": 0.0010855836199999992,
      "fastest": 0.00024325,
      "slowest": 0.001889917
    },
    "DNSLookup": {
      "average": 1.3111489999999978e-6,
      "fastest": 4.16e-7,
      "slowest": 0.00016525
    }
  },
  "statusCodeDistribution": {
    "202": 1000
  },
  "errorDistribution": {}
}