{
  "summary": {
    "successRate": 1.0,
    "total": 0.046544125,
    "slowest": 0.003541042,
    "fastest": 0.000763375,
    "average": 0.0022565897179999974,
    "requestsPerSec": 21484.988706952812,
    "totalData": 14000,
    "sizePerRequest": 14,
    "sizePerSec": 300789.8418973394
  },
  "responseTimeHistogram": {
    "0.000763375": 1,
    "0.0010411417": 14,
    "0.0013189083999999998": 38,
    "0.0015966751": 316,
    "0.0018744418": 162,
    "0.0021522085": 29,
    "0.0024299752": 17,
    "0.0027077419": 36,
    "0.0029855085999999998": 25,
    "0.0032632753": 201,
    "0.0035410420000000003": 161
  },
  "latencyPercentiles": {
    "p10": 0.001453292,
    "p25": 0.001523,
    "p50": 0.001819417,
    "p75": 0.003199167,
    "p90": 0.003357875,
    "p95": 0.003410292,
    "p99": 0.003498458,
    "p99.9": 0.003541042,
    "p99.99": 0.003541042
  },
  "rps": {
    "mean": 22485.07552458513,
    "stddev": 9700.397989625973,
    "max": 34086.486605048165,
    "min": 13313.923701406931,
    "percentiles": {
      "p10": 13313.923701406931,
      "p25": 16526.23539869543,
      "p50": 16635.073388732802,
      "p75": 31863.65852904232,
      "p90": 34086.486605048165,
      "p95": 34086.486605048165,
      "p99": 34086.486605048165,
      "p99.9": 34086.486605048165,
      "p99.99": 34086.486605048165
    }
  },
  "details": {
    "DNSDialup": {
      "average": 0.001097751813999998,
      "fastest": 0.000202791,
      "slowest": 0.001910209
    },
    "DNSLookup": {
      "average": 9.982359999999987e-7,
      "fastest": 3.75e-7,
      "slowest": 0.000044
    }
  },
  "statusCodeDistribution": {
    "202": 1000
  },
  "errorDistribution": {}
}