{
  "summary": {
    "successRate": 1.0,
    "total": 0.050226833,
    "slowest": 0.003840458,
    "fastest": 0.001096292,
    "average": 0.0023997722020000015,
    "requestsPerSec": 19909.676566706883,
    "totalData": 14000,
    "sizePerRequest": 14,
    "sizePerSec": 278735.47193389636
  },
  "responseTimeHistogram": {
    "0.001096292": 1,
    "0.0013707086": 12,
    "0.0016451252": 300,
    "0.0019195418000000001": 224,
    "0.0021939584000000003": 36,
    "0.002468375": 7,
    "0.0027427916000000003": 9,
    "0.0030172082000000005": 17,
    "0.0032916248": 41,
    "0.0035660414000000004": 268,
    "0.003840458": 85
  },
  "latencyPercentiles": {
    "p10": 0.001546125,
    "p25": 0.001609083,
    "p50": 0.001869083,
    "p75": 0.003416666,
    "p90": 0.003542834,
    "p95": 0.003633916,
    "p99": 0.003800292,
    "p99.9": 0.003840458,
    "p99.99": 0.003840458
  },
  "rps": {
    "mean": 17434.96124113986,
    "stddev": 11339.986589334861,
    "max": 32208.292561724887,
    "min": 1828.0148763850596,
    "percentiles": {
      "p10": 1828.0148763850596,
      "p25": 12636.012636012636,
      "p50": 14761.50677025964,
      "p75": 29219.357824558774,
      "p90": 32208.292561724887,
      "p95": 32208.292561724887,
      "p99": 32208.292561724887,
      "p99.9": 32208.292561724887,
      "p99.99": 32208.292561724887
    }
  },
  "details": {
    "DNSDialup": {
      "average": 0.0011873660010000011,
      "fastest": 0.000343916,
      "slowest": 0.00205275
    },
    "DNSLookup": {
      "average": 1.686131000000003e-6,
      "fastest": 4.58e-7,
      "slowest": 0.000129541
    }
  },
  "statusCodeDistribution": {
    "202": 1000
  },
  "errorDistribution": {}
}