{
  "summary": {
    "successRate": 1.0,
    "total": 0.048557,
    "slowest": 0.003823625,
    "fastest": 0.000884709,
    "average": 0.0023031891170000006,
    "requestsPerSec": 20594.35302839961,
    "totalData": 14000,
    "sizePerRequest": 14,
    "sizePerSec": 288320.94239759457
  },
  "responseTimeHistogram": {
    "0.000884709": 1,
    "0.0011786006": 15,
    "0.0014724922": 76,
    "0.0017663838000000001": 366,
    "0.0020602754": 126,
    "0.002354167": 26,
    "0.0026480586": 14,
    "0.0029419502": 15,
    "0.0032358418": 86,
    "0.0035297334": 218,
    "0.0038236249999999998": 57
  },
  "latencyPercentiles": {
    "p10": 0.001483334,
    "p25": 0.001645125,
    "p50": 0.001804416,
    "p75": 0.003273042,
    "p90": 0.0034775,
    "p95": 0.003537917,
    "p99": 0.003685583,
    "p99.9": 0.003823625,
    "p99.99": 0.003823625
  },
  "rps": {
    "mean": 20857.409294522822,
    "stddev": 7924.632938181315,
    "max": 30342.22727770238,
    "min": 13516.333136962707,
    "percentiles": {
      "p10": 13516.333136962707,
      "p25": 14460.694467267507,
      "p50": 17627.394734156358,
      "p75": 28340.396856525156,
      "p90": 30342.22727770238,
      "p95": 30342.22727770238,
      "p99": 30342.22727770238,
      "p99.9": 30342.22727770238,
      "p99.99": 30342.22727770238
    }
  },
  "details": {
    "DNSDialup": {
      "average": 0.00112072269,
      "fastest": 0.000310209,
      "slowest": 0.001944
    },
    "DNSLookup": {
      "average": 1.3446179999999997e-6,
      "fastest": 4.17e-7,
      "slowest": 0.000063875
    }
  },
  "statusCodeDistribution": {
    "202": 1000
  },
  "errorDistribution": {}
}