{
  "summary": {
    "successRate": 1.0,
    "total": 0.048913708,
    "slowest": 0.004102792,
    "fastest": 0.000954917,
    "average": 0.0023630198339999998,
    "requestsPerSec": 20444.16669453888,
    "totalData": 14000,
    "sizePerRequest": 14,
    "sizePerSec": 286218.3337235443
  },
  "responseTimeHistogram": {
    "0.000954917": 1,
    "0.0012697045000000001": 38,
    "0.001584492": 162,
    "0.0018992795": 352,
    "0.002214067": 14,
    "0.0025288545000000003": 19,
    "0.0028436420000000004": 25,
    "0.0031584295": 37,
    "0.0034732170000000002": 190,
    "0.0037880045000000004": 124,
    "0.004102792000000001": 38
  },
  "latencyPercentiles": {
    "p10": 0.001534958,
    "p25": 0.001603583,
    "p50": 0.001758,
    "p75": 0.003404917,
    "p90": 0.003544625,
    "p95": 0.003616083,
    "p99": 0.003944959,
    "p99.9": 0.004102792,
    "p99.99": 0.004102792
  },
  "rps": {
    "mean": 20818.931599385378,
    "stddev": 9541.055257607351,
    "max": 32232.552362174414,
    "min": 12923.639922145589,
    "percentiles": {
      "p10": 12923.639922145589,
      "p25": 14264.84513300562,
      "p50": 14464.180129460608,
      "p75": 30209.44045014066,
      "p90": 32232.552362174414,
      "p95": 32232.552362174414,
      "p99": 32232.552362174414,
      "p99.9": 32232.552362174414,
      "p99.99": 32232.552362174414
    }
  },
  "details": {
    "DNSDialup": {
      "average": 0.0011789516340000004,
      "fastest": 0.000227625,
      "slowest": 0.002269625
    },
    "DNSLookup": {
      "average": 1.2657130000000008e-6,
      "fastest": 3.75e-7,
      "slowest": 0.000095042
    }
  },
  "statusCodeDistribution": {
    "202": 1000
  },
  "errorDistribution": {}
}