{
  "summary": {
    "successRate": 1.0,
    "total": 0.018339375,
    "slowest": 0.002863417,
    "fastest": 0.000328375,
    "average": 0.0008634011979999986,
    "requestsPerSec": 54527.485260539135,
    "totalData": 0,
    "sizePerRequest": 0,
    "sizePerSec": 0.0
  },
  "responseTimeHistogram": {
    "0.000328375": 1,
    "0.0005818792000000001": 33,
    "0.0008353834": 514,
    "0.0010888876": 376,
    "0.0013423918": 13,
    "0.0015958959999999999": 28,
    "0.0018494002000000002": 17,
    "0.0021029044": 4,
    "0.0023564086": 5,
    "0.0026099128": 4,
    "0.002863417": 5
  },
  "latencyPercentiles": {
    "p10": 0.000640375,
    "p25": 0.000730125,
    "p50": 0.000823958,
    "p75": 0.000899792,
    "p90": 0.000954375,
    "p95": 0.001486959,
    "p99": 0.002294875,
    "p99.9": 0.002863417,
    "p99.99": 0.002863417
  },
  "rps": {
    "mean": 56026.19528791782,
    "stddev": 14067.859737138819,
    "max": 65973.67430482988,
    "min": 46078.71627100576,
    "percentiles": {
      "p10": 46078.71627100576,
      "p25": 46078.71627100576,
      "p50": 65973.67430482988,
      "p75": 65973.67430482988,
      "p90": 65973.67430482988,
      "p95": 65973.67430482988,
      "p99": 65973.67430482988,
      "p99.9": 65973.67430482988,
      "p99.99": 65973.67430482988
    }
  },
  "details": {
    "DNSDialup": {
      "average": 0.0007448541400000002,
      "fastest": 0.000417042,
      "slowest": 0.000947334
    },
    "DNSLookup": {
      "average": 8.545e-6,
      "fastest": 4.16e-7,
      "slowest": 0.000087542
    }
  },
  "statusCodeDistribution": {
    "200": 1000
  },
  "errorDistribution": {}
}