{
  "summary": {
    "successRate": 1.0,
    "total": 0.017695958,
    "slowest": 0.002647291,
    "fastest": 0.00034825,
    "average": 0.0008118497560000004,
    "requestsPerSec": 56510.07987247709,
    "totalData": 0,
    "sizePerRequest": 0,
    "sizePerSec": 0.0
  },
  "responseTimeHistogram": {
    "0.00034825": 1,
    "0.0005781541": 76,
    "0.0008080582": 495,
    "0.0010379623": 376,
    "0.0012678664": 2,
    "0.0014977705": 1,
    "0.0017276746": 10,
    "0.0019575787": 22,
    "0.0021874828": 12,
    "0.0024173869": 4,
    "0.002647291": 1
  },
  "latencyPercentiles": {
    "p10": 0.000602042,
    "p25": 0.0006965,
    "p50": 0.000793667,
    "p75": 0.000837417,
    "p90": 0.000885625,
    "p95": 0.001477125,
    "p99": 0.002068292,
    "p99.9": 0.002647291,
    "p99.99": 0.002647291
  },
  "rps": {
    "mean": 58718.87674579251,
    "stddev": 13977.603383978314,
    "max": 68602.53488333961,
    "min": 48835.21860824541,
    "percentiles": {
      "p10": 48835.21860824541,
      "p25": 48835.21860824541,
      "p50": 68602.53488333961,
      "p75": 68602.53488333961,
      "p90": 68602.53488333961,
      "p95": 68602.53488333961,
      "p99": 68602.53488333961,
      "p99.9": 68602.53488333961,
      "p99.99": 68602.53488333961
    }
  },
  "details": {
    "DNSDialup": {
      "average": 0.00065272416,
      "fastest": 0.00040475,
      "slowest": 0.000941042
    },
    "DNSLookup": {
      "average": 7.045799999999999e-6,
      "fastest": 4.17e-7,
      "slowest": 0.000046041
    }
  },
  "statusCodeDistribution": {
    "200": 1000
  },
  "errorDistribution": {}
}