{
  "summary": {
    "successRate": 1.0,
    "total": 0.018722458,
    "slowest": 0.002183875,
    "fastest": 0.000631917,
    "average": 0.0008735531540000001,
    "requestsPerSec": 53411.7902681368,
    "totalData": 0,
    "sizePerRequest": 0,
    "sizePerSec": 0.0
  },
  "responseTimeHistogram": {
    "0.000631917": 1,
    "0.0007871128": 268,
    "0.0009423086": 669,
    "0.0010975044": 11,
    "0.0012527001999999999": 0,
    "0.001407896": 2,
    "0.0015630918": 9,
    "0.0017182876": 15,
    "0.0018734834000000001": 17,
    "0.0020286792": 6,
    "0.002183875": 2
  },
  "latencyPercentiles": {
    "p10": 0.000695375,
    "p25": 0.000768,
    "p50": 0.000857208,
    "p75": 0.000899792,
    "p90": 0.000925084,
    "p95": 0.001354459,
    "p99": 0.001841042,
    "p99.9": 0.002183875,
    "p99.99": 0.002183875
  },
  "rps": {
    "mean": 54271.22629725111,
    "stddev": 11406.812015648096,
    "max": 62337.06042523607,
    "min": 46205.39216926615,
    "percentiles": {
      "p10": 46205.39216926615,
      "p25": 46205.39216926615,
      "p50": 62337.06042523607,
      "p75": 62337.06042523607,
      "p90": 62337.06042523607,
      "p95": 62337.06042523607,
      "p99": 62337.06042523607,
      "p99.9": 62337.06042523607,
      "p99.99": 62337.06042523607
    }
  },
  "details": {
    "DNSDialup": {
      "average": 0.0007825874799999999,
      "fastest": 0.00034875,
      "slowest": 0.000960083
    },
    "DNSLookup": {
      "average": 8.342480000000002e-6,
      "fastest": 4.16e-7,
      "slowest": 0.000060709
    }
  },
  "statusCodeDistribution": {
    "200": 1000
  },
  "errorDistribution": {}
}