{
  "summary": {
    "successRate": 1.0,
    "total": 0.018864917,
    "slowest": 0.001879083,
    "fastest": 0.000351167,
    "average": 0.0008603672639999996,
    "requestsPerSec": 53008.449493840875,
    "totalData": 0,
    "sizePerRequest": 0,
    "sizePerSec": 0.0
  },
  "responseTimeHistogram": {
    "0.000351167": 1,
    "0.0005039586": 30,
    "0.0006567502": 112,
    "0.0008095417999999999": 142,
    "0.0009623333999999999": 613,
    "0.0011151249999999998": 52,
    "0.0012679165999999998": 4,
    "0.0014207081999999998": 16,
    "0.0015734997999999997": 11,
    "0.0017262913999999997": 10,
    "0.0018790829999999997": 9
  },
  "latencyPercentiles": {
    "p10": 0.000630208,
    "p25": 0.000764292,
    "p50": 0.000886375,
    "p75": 0.000923084,
    "p90": 0.000962708,
    "p95": 0.001117917,
    "p99": 0.001718,
    "p99.9": 0.001879083,
    "p99.99": 0.001879083
  },
  "rps": {
    "mean": 55237.415978208504,
    "stddev": 13385.725076130198,
    "max": 64702.55295063898,
    "min": 45772.27900577802,
    "percentiles": {
      "p10": 45772.27900577802,
      "p25": 45772.27900577802,
      "p50": 64702.55295063898,
      "p75": 64702.55295063898,
      "p90": 64702.55295063898,
      "p95": 64702.55295063898,
      "p99": 64702.55295063898,
      "p99.9": 64702.55295063898,
      "p99.99": 64702.55295063898
    }
  },
  "details": {
    "DNSDialup": {
      "average": 0.0006096891000000001,
      "fastest": 0.000350667,
      "slowest": 0.000896958
    },
    "DNSLookup": {
      "average": 0.000011239979999999998,
      "fastest": 4.58e-7,
      "slowest": 0.000126583
    }
  },
  "statusCodeDistribution": {
    "200": 1000
  },
  "errorDistribution": {}
}