{
  "summary": {
    "successRate": 1.0,
    "total": 0.1304785,
    "slowest": 0.006444208,
    "fastest": 0.000127042,
    "average": 0.0006455983375999995,
    "requestsPerSec": 76640.97916514981,
    "totalData": 20000,
    "sizePerRequest": 2,
    "sizePerSec": 153281.95833029962
  },
  "responseTimeHistogram": {
    "0.000127042": 1,
    "0.0007587586": 8373,
    "0.0013904752": 839,
    "0.0020221918000000003": 630,
    "0.0026539084": 93,
    "0.0032856250000000004": 15,
    "0.003917341600000001": 4,
    "0.0045490582": 28,
    "0.0051807748": 13,
    "0.0058124914000000005": 1,
    "0.006444208000000001": 3
  },
  "latencyPercentiles": {
    "p10": 0.000408916,
    "p25": 0.00043625,
    "p50": 0.000479417,
    "p75": 0.000668542,
    "p90": 0.001044,
    "p95": 0.001551708,
    "p99": 0.0022595,
    "p99.9": 0.005030167,
    "p99.99": 0.005999875
  },
  "rps": {
    "mean": 76484.4318333078,
    "stddev": 28233.340480705378,
    "max": 95505.96912307014,
    "min": 15120.665413420522,
    "percentiles": {
      "p10": 29008.70261078324,
      "p25": 74933.69075289997,
      "p50": 90606.08160033771,
      "p75": 92527.3695959265,
      "p90": 95320.25555430526,
      "p95": 95505.96912307014,
      "p99": 95505.96912307014,
      "p99.9": 95505.96912307014,
      "p99.99": 95505.96912307014
    }
  },
  "details": {
    "DNSDialup": {
      "average": 0.0008540624800000002,
      "fastest": 0.000457416,
      "slowest": 0.001352584
    },
    "DNSLookup": {
      "average": 0.000019789960000000006,
      "fastest": 5e-7,
      "slowest": 0.000193125
    }
  },
  "statusCodeDistribution": {
    "202": 10000
  },
  "errorDistribution": {}
}