{
  "summary": {
    "successRate": 1.0,
    "total": 12.211220708,
    "slowest": 0.496640417,
    "fastest": 0.0086985,
    "average": 0.060892754443399984,
    "requestsPerSec": 818.9189466904523,
    "totalData": 20000,
    "sizePerRequest": 2,
    "sizePerSec": 1637.8378933809047
  },
  "responseTimeHistogram": {
    "0.0086985": 1,
    "0.0574926917": 6411,
    "0.1062868834": 2443,
    "0.15508107510000002": 654,
    "0.2038752668": 294,
    "0.2526694585": 93,
    "0.30146365020000004": 46,
    "0.35025784190000003": 21,
    "0.3990520336": 12,
    "0.4478462253": 13,
    "0.496640417": 12
  },
  "latencyPercentiles": {
    "p10": 0.024731584,
    "p25": 0.032191916,
    "p50": 0.045680875,
    "p75": 0.071406917,
    "p90": 0.113457667,
    "p95": 0.153800125,
    "p99": 0.256626625,
    "p99.9": 0.459079292,
    "p99.99": 0.488351708
  },
  "rps": {
    "mean": 830.6828275871154,
    "stddev": 365.76674666777944,
    "max": 3419.8767339632022,
    "min": 40.12740450931708,
    "percentiles": {
      "p10": 363.44362837889327,
      "p25": 581.2263876779809,
      "p50": 814.4773346229198,
      "p75": 1048.9338112275864,
      "p90": 1302.7053412091366,
      "p95": 1425.9643873543419,
      "p99": 1746.885797574032,
      "p99.9": 2492.355737257734,
      "p99.99": 3419.8767339632022
    }
  },
  "details": {
    "DNSDialup": {
      "average": 0.0008347516999999999,
      "fastest": 0.000445875,
      "slowest": 0.001078125
    },
    "DNSLookup": {
      "average": 8.601780000000003e-6,
      "fastest": 4.58e-7,
      "slowest": 0.000162958
    }
  },
  "statusCodeDistribution": {
    "202": 10000
  },
  "errorDistribution": {}
}