{
  "summary": {
    "successRate": 1.0,
    "total": 5.510566709,
    "slowest": 0.183965625,
    "fastest": 0.006401792,
    "average": 0.027365821898499926,
    "requestsPerSec": 1814.6953894356711,
    "totalData": 20000,
    "sizePerRequest": 2,
    "sizePerSec": 3629.3907788713423
  },
  "responseTimeHistogram": {
    "0.006401792": 1,
    "0.0241581753": 5817,
    "0.0419145586": 2455,
    "0.05967094190000001": 1001,
    "0.07742732520000001": 377,
    "0.0951837085": 173,
    "0.11294009180000002": 91,
    "0.13069647510000001": 51,
    "0.1484528584": 19,
    "0.1662092417": 11,
    "0.183965625": 4
  },
  "latencyPercentiles": {
    "p10": 0.010328833,
    "p25": 0.01288625,
    "p50": 0.020702625,
    "p75": 0.034356916,
    "p90": 0.05308125,
    "p95": 0.068762458,
    "p99": 0.109285,
    "p99.9": 0.154467167,
    "p99.99": 0.176933834
  },
  "rps": {
    "mean": 1838.8410954489632,
    "stddev": 406.6919448341456,
    "max": 4227.6636951381715,
    "min": 35.25321272222171,
    "percentiles": {
      "p10": 1400.8172367759626,
      "p25": 1605.9553642773383,
      "p50": 1840.3575692066413,
      "p75": 2067.6583768881665,
      "p90": 2285.6052296933995,
      "p95": 2412.4460283736444,
      "p99": 3016.4514084605707,
      "p99.9": 4227.6636951381715,
      "p99.99": 4227.6636951381715
    }
  },
  "details": {
    "DNSDialup": {
      "average": 0.0008146275,
      "fastest": 0.000295042,
      "slowest": 0.001055708
    },
    "DNSLookup": {
      "average": 4.113420000000002e-6,
      "fastest": 5e-7,
      "slowest": 0.000025917
    }
  },
  "statusCodeDistribution": {
    "202": 10000
  },
  "errorDistribution": {}
}