{
  "summary": {
    "successRate": 1.0,
    "total": 0.133505042,
    "slowest": 0.007123625,
    "fastest": 0.000124125,
    "average": 0.0006612895713999996,
    "requestsPerSec": 74903.53810008164,
    "totalData": 20000,
    "sizePerRequest": 2,
    "sizePerSec": 149807.07620016328
  },
  "responseTimeHistogram": {
    "0.000124125": 1,
    "0.000824075": 8410,
    "0.001524025": 1071,
    "0.002223975": 364,
    "0.002923925": 93,
    "0.003623875": 9,
    "0.004323825": 34,
    "0.005023775": 7,
    "0.005723725": 7,
    "0.006423674999999999": 2,
    "0.007123625": 2
  },
  "latencyPercentiles": {
    "p10": 0.000404,
    "p25": 0.000439042,
    "p50": 0.000489875,
    "p75": 0.000680292,
    "p90": 0.001148708,
    "p95": 0.001534542,
    "p99": 0.002524333,
    "p99.9": 0.005193834,
    "p99.99": 0.006453958
  },
  "rps": {
    "mean": 75576.12494903554,
    "stddev": 28259.379961133265,
    "max": 95608.75495876571,
    "min": 13856.048695045483,
    "percentiles": {
      "p10": 28320.253927488215,
      "p25": 75700.94626182829,
      "p50": 90608.6893733109,
      "p75": 92600.69170921142,
      "p90": 94053.54955890088,
      "p95": 95608.75495876571,
      "p99": 95608.75495876571,
      "p99.9": 95608.75495876571,
      "p99.99": 95608.75495876571
    }
  },
  "details": {
    "DNSDialup": {
      "average": 0.0007450833400000001,
      "fastest": 0.000443458,
      "slowest": 0.000846458
    },
    "DNSLookup": {
      "average": 4.946660000000003e-6,
      "fastest": 4.58e-7,
      "slowest": 0.0000385
    }
  },
  "statusCodeDistribution": {
    "202": 10000
  },
  "errorDistribution": {}
}