{
  "summary": {
    "successRate": 1.0,
    "total": 10.788953209,
    "slowest": 0.314321917,
    "fastest": 0.00887975,
    "average": 0.05385535100309988,
    "requestsPerSec": 926.8739799203257,
    "totalData": 140000,
    "sizePerRequest": 14,
    "sizePerSec": 12976.23571888456
  },
  "responseTimeHistogram": {
    "0.00887975": 1,
    "0.0394239667": 4284,
    "0.0699681834": 3500,
    "0.1005124001": 1249,
    "0.1310566168": 514,
    "0.16160083349999999": 243,
    "0.19214505019999997": 85,
    "0.2226892669": 45,
    "0.2532334836": 36,
    "0.2837777003": 34,
    "0.314321917": 9
  },
  "latencyPercentiles": {
    "p10": 0.020841959,
    "p25": 0.030260375,
    "p50": 0.043388583,
    "p75": 0.065271042,
    "p90": 0.098736709,
    "p95": 0.12744675,
    "p99": 0.209673083,
    "p99.9": 0.282172958,
    "p99.99": 0.310843709
  },
  "rps": {
    "mean": 971.9269534076393,
    "stddev": 568.1350737656827,
    "max": 5704.773412104148,
    "min": 14.6578043236478,
    "percentiles": {
      "p10": 298.6133144211896,
      "p25": 562.9944005702971,
      "p50": 1009.4684778325953,
      "p75": 1332.223147377268,
      "p90": 1514.0523524696496,
      "p95": 1632.3273952527902,
      "p99": 2837.5475643893105,
      "p99.9": 5334.595699689778,
      "p99.99": 5704.773412104148
    }
  },
  "details": {
    "DNSDialup": {
      "average": 0.0005815845479000004,
      "fastest": 0.000033458,
      "slowest": 0.014329916
    },
    "DNSLookup": {
      "average": 3.6425339000000064e-6,
      "fastest": 4.58e-7,
      "slowest": 0.002725083
    }
  },
  "statusCodeDistribution": {
    "202": 10000
  },
  "errorDistribution": {}
}