{
  "summary": {
    "successRate": 1.0,
    "total": 0.298886167,
    "slowest": 0.005652959,
    "fastest": 0.000382792,
    "average": 0.0014886138985999902,
    "requestsPerSec": 33457.55375825072,
    "totalData": 140000,
    "sizePerRequest": 14,
    "sizePerSec": 468405.75261551
  },
  "responseTimeHistogram": {
    "0.000382792": 1,
    "0.0009098087": 32,
    "0.0014368254": 7076,
    "0.0019638421": 2408,
    "0.0024908587999999997": 108,
    "0.0030178754999999995": 117,
    "0.0035448921999999996": 128,
    "0.0040719089": 53,
    "0.0045989256": 25,
    "0.005125942299999999": 8,
    "0.005652958999999999": 44
  },
  "latencyPercentiles": {
    "p10": 0.0012575,
    "p25": 0.001313959,
    "p50": 0.001370792,
    "p75": 0.001458792,
    "p90": 0.001738834,
    "p95": 0.001935667,
    "p99": 0.003695875,
    "p99.9": 0.005555583,
    "p99.99": 0.005646166
  },
  "rps": {
    "mean": 33593.18422265778,
    "stddev": 7084.812882816661,
    "max": 43205.64527873963,
    "min": 11683.72119977329,
    "percentiles": {
      "p10": 30993.62865279722,
      "p25": 32325.285895806865,
      "p50": 35529.23760177645,
      "p75": 36717.13221389102,
      "p90": 38730.93318914025,
      "p95": 40662.02222756064,
      "p99": 43205.64527873963,
      "p99.9": 43205.64527873963,
      "p99.99": 43205.64527873963
    }
  },
  "details": {
    "DNSDialup": {
      "average": 0.0007513307831000008,
      "fastest": 0.000050875,
      "slowest": 0.003140875
    },
    "DNSLookup": {
      "average": 6.697536999999981e-7,
      "fastest": 3.75e-7,
      "slowest": 0.000237958
    }
  },
  "statusCodeDistribution": {
    "202": 10000
  },
  "errorDistribution": {}
}