{
  "summary": {
    "successRate": 1.0,
    "total": 27.18827275,
    "slowest": 0.89647025,
    "fastest": 0.026074542,
    "average": 0.13570423335560014,
    "requestsPerSec": 367.80563781860695,
    "totalData": 210000,
    "sizePerRequest": 21,
    "sizePerSec": 7723.918394190746
  },
  "responseTimeHistogram": {
    "0.026074542": 1,
    "0.1131141128": 5550,
    "0.2001536836": 2161,
    "0.28719325439999993": 1324,
    "0.37423282519999995": 508,
    "0.461272396": 288,
    "0.5483119667999999": 103,
    "0.6353515376": 39,
    "0.7223911084": 17,
    "0.8094306792": 7,
    "0.89647025": 2
  },
  "latencyPercentiles": {
    "p10": 0.0400195,
    "p25": 0.051810334,
    "p50": 0.09576725,
    "p75": 0.190159084,
    "p90": 0.283291916,
    "p95": 0.364742708,
    "p99": 0.507193625,
    "p99.9": 0.707232292,
    "p99.99": 0.85583625
  },
  "rps": {
    "mean": 425.96459026993614,
    "stddev": 449.11042877322893,
    "max": 17229.200048243307,
    "min": 11.550700749827557,
    "percentiles": {
      "p10": 100.55725815753826,
      "p25": 212.38186258895473,
      "p50": 364.32451744911384,
      "p75": 539.234936168759,
      "p90": 746.7064910128666,
      "p95": 917.7258752809528,
      "p99": 1699.81687306214,
      "p99.9": 3717.711674109704,
      "p99.99": 17229.200048243307
    }
  },
  "details": {
    "DNSDialup": {
      "average": 0.0008799517800000002,
      "fastest": 0.000388334,
      "slowest": 0.001126542
    },
    "DNSLookup": {
      "average": 7.184180000000002e-6,
      "fastest": 4.58e-7,
      "slowest": 0.000051
    }
  },
  "statusCodeDistribution": {
    "200": 10000
  },
  "errorDistribution": {}
}