{
  "summary": {
    "successRate": 1.0,
    "total": 0.29210475,
    "slowest": 0.005774333,
    "fastest": 0.000614333,
    "average": 0.001455712039299998,
    "requestsPerSec": 34234.29437556219,
    "totalData": 140000,
    "sizePerRequest": 14,
    "sizePerSec": 479280.12125787063
  },
  "responseTimeHistogram": {
    "0.000614333": 1,
    "0.001130333": 229,
    "0.0016463330000000003": 8380,
    "0.0021623330000000002": 913,
    "0.002678333": 47,
    "0.003194333": 208,
    "0.0037103330000000006": 86,
    "0.0042263330000000005": 30,
    "0.0047423330000000005": 34,
    "0.0052583330000000005": 22,
    "0.005774333": 50
  },
  "latencyPercentiles": {
    "p10": 0.001185,
    "p25": 0.001242958,
    "p50": 0.001308292,
    "p75": 0.001456125,
    "p90": 0.001694584,
    "p95": 0.001926167,
    "p99": 0.004270584,
    "p99.9": 0.0057055,
    "p99.99": 0.005766792
  },
  "rps": {
    "mean": 34427.631772738794,
    "stddev": 8091.962882300057,
    "max": 43411.14346688367,
    "min": 10511.008495548129,
    "percentiles": {
      "p10": 27613.77479898381,
      "p25": 33543.04579066309,
      "p50": 36736.58596596351,
      "p75": 38420.328195648304,
      "p90": 41861.57418947533,
      "p95": 42105.612678170044,
      "p99": 43411.14346688367,
      "p99.9": 43411.14346688367,
      "p99.99": 43411.14346688367
    }
  },
  "details": {
    "DNSDialup": {
      "average": 0.0007205918887999998,
      "fastest": 0.000043208,
      "slowest": 0.003069083
    },
    "DNSLookup": {
      "average": 6.130443999999994e-7,
      "fastest": 3.75e-7,
      "slowest": 0.000035833
    }
  },
  "statusCodeDistribution": {
    "202": 10000
  },
  "errorDistribution": {}
}