{
  "summary": {
    "successRate": 1.0,
    "total": 0.089507375,
    "slowest": 0.002155958,
    "fastest": 0.0000355,
    "average": 0.0004411536308999996,
    "requestsPerSec": 111722.63738043932,
    "totalData": 210000,
    "sizePerRequest": 21,
    "sizePerSec": 2346175.384989226
  },
  "responseTimeHistogram": {
    "0.0000355": 1,
    "0.0002475458": 2300,
    "0.0004595916": 4279,
    "0.0006716374000000001": 2008,
    "0.0008836832000000001": 658,
    "0.001095729": 280,
    "0.0013077748": 236,
    "0.0015198206": 105,
    "0.0017318664": 65,
    "0.0019439122": 54,
    "0.002155958": 14
  },
  "latencyPercentiles": {
    "p10": 0.0001885,
    "p25": 0.000255792,
    "p50": 0.000359208,
    "p75": 0.000527667,
    "p90": 0.0007955,
    "p95": 0.001067583,
    "p99": 0.001610375,
    "p99.9": 0.001990292,
    "p99.99": 0.002122375
  },
  "rps": {
    "mean": 111924.60944234455,
    "stddev": 36856.41202746998,
    "max": 147832.37645974042,
    "min": 46726.67625947653,
    "percentiles": {
      "p10": 46726.67625947653,
      "p25": 95942.77128743994,
      "p50": 124836.9267629365,
      "p75": 140609.9692468196,
      "p90": 147832.37645974042,
      "p95": 147832.37645974042,
      "p99": 147832.37645974042,
      "p99.9": 147832.37645974042,
      "p99.99": 147832.37645974042
    }
  },
  "details": {
    "DNSDialup": {
      "average": 0.0009234325600000001,
      "fastest": 0.000615625,
      "slowest": 0.001074917
    },
    "DNSLookup": {
      "average": 0.000011249999999999994,
      "fastest": 5e-7,
      "slowest": 0.000129167
    }
  },
  "statusCodeDistribution": {
    "200": 10000
  },
  "errorDistribution": {}
}