{
  "summary": {
    "successRate": 1.0,
    "total": 0.092809708,
    "slowest": 0.004866166,
    "fastest": 0.000057917,
    "average": 0.0004581953555,
    "requestsPerSec": 107747.349016549,
    "totalData": 210000,
    "sizePerRequest": 21,
    "sizePerSec": 2262694.329347529
  },
  "responseTimeHistogram": {
    "0.000057917": 1,
    "0.0005387419": 6715,
    "0.0010195668": 2985,
    "0.0015003916999999998": 221,
    "0.0019812166": 70,
    "0.0024620415": 3,
    "0.0029428664": 4,
    "0.0034236913": 0,
    "0.0039045162": 0,
    "0.0043853411": 0,
    "0.004866166": 1
  },
  "latencyPercentiles": {
    "p10": 0.000198833,
    "p25": 0.000273584,
    "p50": 0.000417583,
    "p75": 0.000588167,
    "p90": 0.0007145,
    "p95": 0.000891334,
    "p99": 0.001422417,
    "p99.9": 0.001955709,
    "p99.99": 0.002595875
  },
  "rps": {
    "mean": 108988.58286585669,
    "stddev": 22461.948190461986,
    "max": 133700.54817224748,
    "min": 62743.66331530112,
    "percentiles": {
      "p10": 86163.71105099688,
      "p25": 88935.51540598812,
      "p50": 117111.21925480457,
      "p75": 125615.8709663944,
      "p90": 133700.54817224748,
      "p95": 133700.54817224748,
      "p99": 133700.54817224748,
      "p99.9": 133700.54817224748,
      "p99.99": 133700.54817224748
    }
  },
  "details": {
    "DNSDialup": {
      "average": 0.0009173616600000002,
      "fastest": 0.00050275,
      "slowest": 0.001039791
    },
    "DNSLookup": {
      "average": 0.00001037668,
      "fastest": 4.58e-7,
      "slowest": 0.000069042
    }
  },
  "statusCodeDistribution": {
    "200": 10000
  },
  "errorDistribution": {}
}