{
  "summary": {
    "successRate": 1.0,
    "total": 0.126487333,
    "slowest": 0.00683275,
    "fastest": 0.000155916,
    "average": 0.0006269126409000034,
    "requestsPerSec": 79059.29995377481,
    "totalData": 20000,
    "sizePerRequest": 2,
    "sizePerSec": 158118.59990754962
  },
  "responseTimeHistogram": {
    "0.000155916": 1,
    "0.0008235994": 8761,
    "0.0014912828": 582,
    "0.0021589662": 496,
    "0.0028266496": 91,
    "0.0034943329999999996": 16,
    "0.0041620164": 4,
    "0.0048296998": 11,
    "0.0054973832": 26,
    "0.0061650666": 9,
    "0.006832749999999999": 3
  },
  "latencyPercentiles": {
    "p10": 0.000385875,
    "p25": 0.000418083,
    "p50": 0.000467166,
    "p75": 0.000632042,
    "p90": 0.00092575,
    "p95": 0.001573292,
    "p99": 0.002599583,
    "p99.9": 0.005765375,
    "p99.99": 0.006544541
  },
  "rps": {
    "mean": 79532.49028903393,
    "stddev": 30821.264814173977,
    "max": 99932.88791341239,
    "min": 10913.505463010475,
    "percentiles": {
      "p10": 27555.343247558107,
      "p25": 92628.52207437821,
      "p50": 94346.77713210214,
      "p75": 95773.42948838869,
      "p90": 98292.16978685364,
      "p95": 99932.88791341239,
      "p99": 99932.88791341239,
      "p99.9": 99932.88791341239,
      "p99.99": 99932.88791341239
    }
  },
  "details": {
    "DNSDialup": {
      "average": 0.0008288657599999998,
      "fastest": 0.000351791,
      "slowest": 0.001014834
    },
    "DNSLookup": {
      "average": 7.331679999999999e-6,
      "fastest": 4.58e-7,
      "slowest": 0.00014825
    }
  },
  "statusCodeDistribution": {
    "202": 10000
  },
  "errorDistribution": {}
}