{
  "summary": {
    "successRate": 1.0,
    "total": 6.021185667,
    "slowest": 0.192012542,
    "fastest": 0.00649725,
    "average": 0.029978492795199943,
    "requestsPerSec": 1660.8024653361017,
    "totalData": 20000,
    "sizePerRequest": 2,
    "sizePerSec": 3321.6049306722034
  },
  "responseTimeHistogram": {
    "0.00649725": 1,
    "0.0250487792": 5594,
    "0.0436003084": 2585,
    "0.0621518376": 985,
    "0.0807033668": 382,
    "0.099254896": 211,
    "0.1178064252": 125,
    "0.1363579544": 67,
    "0.1549094836": 30,
    "0.1734610128": 12,
    "0.192012542": 8
  },
  "latencyPercentiles": {
    "p10": 0.011701625,
    "p25": 0.014756666,
    "p50": 0.022510417,
    "p75": 0.036711875,
    "p90": 0.057516375,
    "p95": 0.076976208,
    "p99": 0.121946375,
    "p99.9": 0.170495292,
    "p99.99": 0.189460625
  },
  "rps": {
    "mean": 1698.160884035279,
    "stddev": 497.95998491104615,
    "max": 6861.848124428113,
    "min": 31.6361008151421,
    "percentiles": {
      "p10": 1180.368328571594,
      "p25": 1449.5318064034248,
      "p50": 1701.1810122026275,
      "p75": 1935.2818965762724,
      "p90": 2198.607841514727,
      "p95": 2407.5558733529324,
      "p99": 2859.3745308839007,
      "p99.9": 6861.848124428113,
      "p99.99": 6861.848124428113
    }
  },
  "details": {
    "DNSDialup": {
      "average": 0.0010155116599999997,
      "fastest": 0.00039125,
      "slowest": 0.001572
    },
    "DNSLookup": {
      "average": 6.32178e-6,
      "fastest": 4.17e-7,
      "slowest": 0.000031167
    }
  },
  "statusCodeDistribution": {
    "202": 10000
  },
  "errorDistribution": {}
}