{
  "summary": {
    "successRate": 1.0,
    "total": 0.131170208,
    "slowest": 0.00674425,
    "fastest": 0.000132042,
    "average": 0.0006490451237000008,
    "requestsPerSec": 76236.82353236795,
    "totalData": 20000,
    "sizePerRequest": 2,
    "sizePerSec": 152473.6470647359
  },
  "responseTimeHistogram": {
    "0.000132042": 1,
    "0.0007932628": 8252,
    "0.0014544836000000001": 1127,
    "0.0021157044000000005": 436,
    "0.0027769252000000005": 122,
    "0.0034381460000000004": 12,
    "0.0040993668": 7,
    "0.0047605876": 29,
    "0.0054218084": 9,
    "0.0060830292": 3,
    "0.00674425": 2
  },
  "latencyPercentiles": {
    "p10": 0.000384875,
    "p25": 0.000417209,
    "p50": 0.000476125,
    "p75": 0.000664125,
    "p90": 0.001114083,
    "p95": 0.001578333,
    "p99": 0.002285,
    "p99.9": 0.005034291,
    "p99.99": 0.006351667
  },
  "rps": {
    "mean": 76438.70814955732,
    "stddev": 28461.544366744918,
    "max": 94788.39192895881,
    "min": 14182.495320530932,
    "percentiles": {
      "p10": 26717.14171812635,
      "p25": 80585.29822784314,
      "p50": 90479.1692731139,
      "p75": 92460.2613710344,
      "p90": 94427.87422727855,
      "p95": 94788.39192895881,
      "p99": 94788.39192895881,
      "p99.9": 94788.39192895881,
      "p99.99": 94788.39192895881
    }
  },
  "details": {
    "DNSDialup": {
      "average": 0.00080195072,
      "fastest": 0.000479958,
      "slowest": 0.000936292
    },
    "DNSLookup": {
      "average": 9.11328e-6,
      "fastest": 5.41e-7,
      "slowest": 0.00005675
    }
  },
  "statusCodeDistribution": {
    "202": 10000
  },
  "errorDistribution": {}
}