{
  "summary": {
    "successRate": 1.0,
    "total": 11.212531708,
    "slowest": 0.5292565,
    "fastest": 0.007230833,
    "average": 0.05595035578480003,
    "requestsPerSec": 891.8592393246145,
    "totalData": 20000,
    "sizePerRequest": 2,
    "sizePerSec": 1783.718478649229
  },
  "responseTimeHistogram": {
    "0.007230833": 1,
    "0.05943339969999999": 7162,
    "0.1116359664": 2058,
    "0.16383853309999996": 444,
    "0.21604109979999997": 171,
    "0.2682436665": 89,
    "0.32044623319999993": 24,
    "0.37264879989999994": 8,
    "0.42485136659999995": 26,
    "0.47705393329999995": 9,
    "0.5292565": 8
  },
  "latencyPercentiles": {
    "p10": 0.024556375,
    "p25": 0.031312166,
    "p50": 0.041642833,
    "p75": 0.063979333,
    "p90": 0.09963,
    "p95": 0.135389833,
    "p99": 0.247659333,
    "p99.9": 0.4673935,
    "p99.99": 0.526233833
  },
  "rps": {
    "mean": 898.9165491637308,
    "stddev": 374.7869068489684,
    "max": 2250.6587268883895,
    "min": 35.46864507931428,
    "percentiles": {
      "p10": 424.81447555326616,
      "p25": 620.4810237771377,
      "p50": 874.2811086977374,
      "p75": 1139.4240729231608,
      "p90": 1408.787714330675,
      "p95": 1583.5662143403285,
      "p99": 1867.114940217989,
      "p99.9": 2019.0548299579616,
      "p99.99": 2250.6587268883895
    }
  },
  "details": {
    "DNSDialup": {
      "average": 0.0008562641599999998,
      "fastest": 0.000458792,
      "slowest": 0.001198709
    },
    "DNSLookup": {
      "average": 0.000013052460000000006,
      "fastest": 4.58e-7,
      "slowest": 0.00016825
    }
  },
  "statusCodeDistribution": {
    "202": 10000
  },
  "errorDistribution": {}
}