{
  "summary": {
    "successRate": 1.0,
    "total": 14.492143208,
    "slowest": 8.212676458,
    "fastest": 0.000353875,
    "average": 0.07245374833219988,
    "requestsPerSec": 690.0290630912181,
    "totalData": 0,
    "sizePerRequest": 0,
    "sizePerSec": 0.0
  },
  "responseTimeHistogram": {
    "0.000353875": 1,
    "0.8215861333": 9799,
    "1.6428183916": 50,
    "2.4640506499": 50,
    "3.2852829082": 50,
    "4.1065151665": 0,
    "4.9277474248": 0,
    "5.7489796831": 0,
    "6.5702119414": 0,
    "7.3914441997": 0,
    "8.212676458": 50
  },
  "latencyPercentiles": {
    "p10": 0.001704,
    "p25": 0.001821542,
    "p50": 0.001957875,
    "p75": 0.002154792,
    "p90": 0.00245125,
    "p95": 0.00279875,
    "p99": 3.079291417,
    "p99.9": 8.212361125,
    "p99.99": 8.21258975
  },
  "rps": {
    "mean": 22286.9936768261,
    "stddev": 7783.969143978336,
    "max": 28554.241026670185,
    "min": 0.12180279402895729,
    "percentiles": {
      "p10": 803.5523442032926,
      "p25": 22707.379898464987,
      "p50": 25080.465657970486,
      "p75": 25902.62817576615,
      "p90": 26965.500760919604,
      "p95": 27619.580643712266,
      "p99": 28554.241026670185,
      "p99.9": 28554.241026670185,
      "p99.99": 28554.241026670185
    }
  },
  "details": {
    "DNSDialup": {
      "average": 0.0007233400400000001,
      "fastest": 0.000452292,
      "slowest": 0.000828417
    },
    "DNSLookup": {
      "average": 4.259259999999999e-6,
      "fastest": 5e-7,
      "slowest": 0.000023541
    }
  },
  "statusCodeDistribution": {
    "202": 10000
  },
  "errorDistribution": {}
}