{
  "summary": {
    "successRate": 1.0,
    "total": 1.76652825,
    "slowest": 0.442519625,
    "fastest": 0.001108458,
    "average": 0.008822755019299973,
    "requestsPerSec": 5660.820878465997,
    "totalData": 0,
    "sizePerRequest": 0,
    "sizePerSec": 0.0
  },
  "responseTimeHistogram": {
    "0.001108458": 1,
    "0.0452495747": 9925,
    "0.08939069140000001": 1,
    "0.1335318081": 14,
    "0.17767292480000002": 0,
    "0.22181404150000003": 9,
    "0.2659551582": 23,
    "0.3100962749": 0,
    "0.3542373916": 0,
    "0.3983785083": 16,
    "0.442519625": 11
  },
  "latencyPercentiles": {
    "p10": 0.006303333,
    "p25": 0.006523959,
    "p50": 0.006730875,
    "p75": 0.006955458,
    "p90": 0.007210458,
    "p95": 0.00762075,
    "p99": 0.032376959,
    "p99.9": 0.435110042,
    "p99.99": 0.442212125
  },
  "rps": {
    "mean": 6945.740718635655,
    "stddev": 2104.3262803183143,
    "max": 11631.559997902046,
    "min": 4.319862807377839,
    "percentiles": {
      "p10": 4158.265867044807,
      "p25": 6547.342709809997,
      "p50": 7267.243030286483,
      "p75": 8111.592276522416,
      "p90": 8617.743081613546,
      "p95": 9046.018110534758,
      "p99": 11419.747026558325,
      "p99.9": 11631.559997902046,
      "p99.99": 11631.559997902046
    }
  },
  "details": {
    "DNSDialup": {
      "average": 0.0008529151199999999,
      "fastest": 0.00041475,
      "slowest": 0.001100834
    },
    "DNSLookup": {
      "average": 8.169219999999996e-6,
      "fastest": 5e-7,
      "slowest": 0.000137125
    }
  },
  "statusCodeDistribution": {
    "202": 10000
  },
  "errorDistribution": {}
}