{
  "summary": {
    "successRate": 1.0,
    "total": 0.13166075,
    "slowest": 0.003116,
    "fastest": 0.000055541,
    "average": 0.0006510724374000017,
    "requestsPerSec": 75952.78015657666,
    "totalData": 0,
    "sizePerRequest": 0,
    "sizePerSec": 0.0
  },
  "responseTimeHistogram": {
    "0.000055541": 1,
    "0.0003615869": 637,
    "0.0006676328": 5423,
    "0.0009736787": 3181,
    "0.0012797246": 431,
    "0.0015857705": 278,
    "0.0018918164": 42,
    "0.0021978623": 5,
    "0.0025039082": 0,
    "0.0028099541": 1,
    "0.003116": 1
  },
  "latencyPercentiles": {
    "p10": 0.0004015,
    "p25": 0.000503583,
    "p50": 0.00061525,
    "p75": 0.000753916,
    "p90": 0.000911667,
    "p95": 0.001066542,
    "p99": 0.001523167,
    "p99.9": 0.001879292,
    "p99.99": 0.002799541
  },
  "rps": {
    "mean": 75618.82753937793,
    "stddev": 9315.547480233381,
    "max": 98534.0730824719,
    "min": 56950.919937835264,
    "percentiles": {
      "p10": 69521.14833332304,
      "p25": 70624.81998947248,
      "p50": 75430.1720688276,
      "p75": 78867.26168858926,
      "p90": 84982.50951849148,
      "p95": 98534.0730824719,
      "p99": 98534.0730824719,
      "p99.9": 98534.0730824719,
      "p99.99": 98534.0730824719
    }
  },
  "details": {
    "DNSDialup": {
      "average": 0.0007009984000000001,
      "fastest": 0.000398959,
      "slowest": 0.000838
    },
    "DNSLookup": {
      "average": 4.07504e-6,
      "fastest": 4.58e-7,
      "slowest": 0.000026458
    }
  },
  "statusCodeDistribution": {
    "202": 10000
  },
  "errorDistribution": {}
}