{
  "summary": {
    "successRate": 1.0,
    "total": 0.076689083,
    "slowest": 0.002623166,
    "fastest": 0.000044625,
    "average": 0.0003760385636999985,
    "requestsPerSec": 130396.65632721152,
    "totalData": 0,
    "sizePerRequest": 0,
    "sizePerSec": 0.0
  },
  "responseTimeHistogram": {
    "0.000044625": 1,
    "0.0003024791": 4655,
    "0.0005603332": 3855,
    "0.0008181872999999999": 1366,
    "0.0010760414": 73,
    "0.0013338955": 0,
    "0.0015917496": 3,
    "0.0018496036999999998": 2,
    "0.0021074578": 12,
    "0.0023653119": 25,
    "0.002623166": 8
  },
  "latencyPercentiles": {
    "p10": 0.000191209,
    "p25": 0.000237875,
    "p50": 0.000314666,
    "p75": 0.000501541,
    "p90": 0.000625584,
    "p95": 0.000734709,
    "p99": 0.000835125,
    "p99.9": 0.002299208,
    "p99.99": 0.002621375
  },
  "rps": {
    "mean": 132217.32788901197,
    "stddev": 51334.526509871204,
    "max": 176917.69176917704,
    "min": 53005.30053005301,
    "percentiles": {
      "p10": 53005.30053005301,
      "p25": 90112.0119311904,
      "p50": 172399.85399543407,
      "p75": 173636.57984003206,
      "p90": 176917.69176917704,
      "p95": 176917.69176917704,
      "p99": 176917.69176917704,
      "p99.9": 176917.69176917704,
      "p99.99": 176917.69176917704
    }
  },
  "details": {
    "DNSDialup": {
      "average": 0.0007664225200000003,
      "fastest": 0.000592958,
      "slowest": 0.000917833
    },
    "DNSLookup": {
      "average": 0.00002827418000000001,
      "fastest": 4.58e-7,
      "slowest": 0.000191917
    }
  },
  "statusCodeDistribution": {
    "200": 10000
  },
  "errorDistribution": {}
}