{
  "summary": {
    "successRate": 1.0,
    "total": 0.128387917,
    "slowest": 0.007015416,
    "fastest": 0.000121667,
    "average": 0.0006363082071999994,
    "requestsPerSec": 77888.94962755725,
    "totalData": 20000,
    "sizePerRequest": 2,
    "sizePerSec": 155777.8992551145
  },
  "responseTimeHistogram": {
    "0.000121667": 1,
    "0.0008110419000000001": 8594,
    "0.0015004168000000001": 889,
    "0.0021897916999999998": 347,
    "0.0028791666": 102,
    "0.0035685415000000003": 18,
    "0.0042579164": 29,
    "0.0049472913": 11,
    "0.0056366662": 4,
    "0.006326041100000001": 3,
    "0.007015416000000001": 2
  },
  "latencyPercentiles": {
    "p10": 0.000406792,
    "p25": 0.000434208,
    "p50": 0.000475625,
    "p75": 0.000657125,
    "p90": 0.000946125,
    "p95": 0.001509917,
    "p99": 0.002604042,
    "p99.9": 0.004892875,
    "p99.99": 0.0069945
  },
  "rps": {
    "mean": 78042.53929355595,
    "stddev": 29386.15562584766,
    "max": 96903.22687745512,
    "min": 13326.4303092323,
    "percentiles": {
      "p10": 28270.684256196793,
      "p25": 87049.33085579597,
      "p50": 92692.31227379355,
      "p75": 93518.32023893482,
      "p90": 96785.89748401703,
      "p95": 96903.22687745512,
      "p99": 96903.22687745512,
      "p99.9": 96903.22687745512,
      "p99.99": 96903.22687745512
    }
  },
  "details": {
    "DNSDialup": {
      "average": 0.0006919499399999999,
      "fastest": 0.000415,
      "slowest": 0.001116625
    },
    "DNSLookup": {
      "average": 0.000018809959999999995,
      "fastest": 4.58e-7,
      "slowest": 0.000379291
    }
  },
  "statusCodeDistribution": {
    "202": 10000
  },
  "errorDistribution": {}
}