{
  "summary": {
    "successRate": 1.0,
    "total": 0.130764875,
    "slowest": 0.0074235,
    "fastest": 0.000117292,
    "average": 0.0006469368450999997,
    "requestsPerSec": 76473.13546546808,
    "totalData": 20000,
    "sizePerRequest": 2,
    "sizePerSec": 152946.27093093615
  },
  "responseTimeHistogram": {
    "0.000117292": 1,
    "0.0008479128": 8711,
    "0.0015785336": 761,
    "0.0023091544000000005": 370,
    "0.0030397752000000003": 98,
    "0.003770396": 10,
    "0.0045010168": 9,
    "0.0052316376": 27,
    "0.0059622584": 3,
    "0.0066928792": 9,
    "0.0074234999999999995": 1
  },
  "latencyPercentiles": {
    "p10": 0.000403333,
    "p25": 0.000435,
    "p50": 0.000480291,
    "p75": 0.000654875,
    "p90": 0.000938875,
    "p95": 0.001612167,
    "p99": 0.002627834,
    "p99.9": 0.006009625,
    "p99.99": 0.006605167
  },
  "rps": {
    "mean": 77258.8214656896,
    "stddev": 29099.808322552406,
    "max": 95459.66228893062,
    "min": 12736.246082726831,
    "percentiles": {
      "p10": 24268.760679633604,
      "p25": 86325.89776933075,
      "p50": 91654.61698626209,
      "p75": 92897.4069898535,
      "p90": 93546.77338669331,
      "p95": 95459.66228893062,
      "p99": 95459.66228893062,
      "p99.9": 95459.66228893062,
      "p99.99": 95459.66228893062
    }
  },
  "details": {
    "DNSDialup": {
      "average": 0.00087759666,
      "fastest": 0.000352417,
      "slowest": 0.001151375
    },
    "DNSLookup": {
      "average": 7.44086e-6,
      "fastest": 4.16e-7,
      "slowest": 0.000042
    }
  },
  "statusCodeDistribution": {
    "202": 10000
  },
  "errorDistribution": {}
}