{
  "summary": {
    "successRate": 1.0,
    "total": 0.319640833,
    "slowest": 0.014484,
    "fastest": 0.000609417,
    "average": 0.0015932776856000012,
    "requestsPerSec": 31285.114314540657,
    "totalData": 140000,
    "sizePerRequest": 14,
    "sizePerSec": 437991.6004035692
  },
  "responseTimeHistogram": {
    "0.000609417": 1,
    "0.0019968753": 9391,
    "0.0033843336000000004": 369,
    "0.004771791900000001": 189,
    "0.006159250200000001": 0,
    "0.007546708500000001": 0,
    "0.0089341668": 0,
    "0.0103216251": 0,
    "0.0117090834": 0,
    "0.0130965417": 0,
    "0.014484": 50
  },
  "latencyPercentiles": {
    "p10": 0.001308291,
    "p25": 0.001363458,
    "p50": 0.001421,
    "p75": 0.001512166,
    "p90": 0.001703333,
    "p95": 0.002491583,
    "p99": 0.004268,
    "p99.9": 0.014389542,
    "p99.99": 0.014455666
  },
  "rps": {
    "mean": 31631.637722370422,
    "stddev": 8409.149442186337,
    "max": 38131.4916570539,
    "min": 76.81770076478931,
    "percentiles": {
      "p10": 15767.207068417905,
      "p25": 32122.69820159344,
      "p50": 34538.18408326973,
      "p75": 35455.02367175176,
      "p90": 36422.92737990715,
      "p95": 36898.57217648045,
      "p99": 38131.4916570539,
      "p99.9": 38131.4916570539,
      "p99.99": 38131.4916570539
    }
  },
  "details": {
    "DNSDialup": {
      "average": 0.0007900043972999994,
      "fastest": 0.000042583,
      "slowest": 0.013730625
    },
    "DNSLookup": {
      "average": 6.625248000000034e-7,
      "fastest": 3.75e-7,
      "slowest": 0.000023833
    }
  },
  "statusCodeDistribution": {
    "202": 10000
  },
  "errorDistribution": {}
}