{
  "summary": {
    "successRate": 1.0,
    "total": 7.542733292,
    "slowest": 0.206193542,
    "fastest": 0.003228542,
    "average": 0.037658216606199744,
    "requestsPerSec": 1325.779344552224,
    "totalData": 210000,
    "sizePerRequest": 21,
    "sizePerSec": 27841.366235596706
  },
  "responseTimeHistogram": {
    "0.003228542": 1,
    "0.023525042000000003": 3628,
    "0.043821542000000005": 3087,
    "0.064118042": 1801,
    "0.08441454200000001": 847,
    "0.104711042": 407,
    "0.125007542": 137,
    "0.14530404200000002": 59,
    "0.16560054200000002": 16,
    "0.185897042": 10,
    "0.206193542": 7
  },
  "latencyPercentiles": {
    "p10": 0.009907916,
    "p25": 0.017611125,
    "p50": 0.031819,
    "p75": 0.050716875,
    "p90": 0.073486792,
    "p95": 0.089120292,
    "p99": 0.123781708,
    "p99.9": 0.179520167,
    "p99.99": 0.205270333
  },
  "rps": {
    "mean": 1423.9326750462594,
    "stddev": 1013.3797203237552,
    "max": 7910.866682910321,
    "min": 39.41760488778301,
    "percentiles": {
      "p10": 230.24341679389218,
      "p25": 640.634963208317,
      "p50": 1315.833956330131,
      "p75": 2025.675436153231,
      "p90": 2764.1580835167792,
      "p95": 3215.68263685976,
      "p99": 4205.9065557281865,
      "p99.9": 7910.866682910321,
      "p99.99": 7910.866682910321
    }
  },
  "details": {
    "DNSDialup": {
      "average": 0.0009241007200000002,
      "fastest": 0.000463833,
      "slowest": 0.001162541
    },
    "DNSLookup": {
      "average": 8.530800000000001e-6,
      "fastest": 5e-7,
      "slowest": 0.00005775
    }
  },
  "statusCodeDistribution": {
    "200": 10000
  },
  "errorDistribution": {}
}