{
  "summary": {
    "successRate": 1.0,
    "total": 0.303425834,
    "slowest": 0.005670167,
    "fastest": 0.000642083,
    "average": 0.0015123377362000015,
    "requestsPerSec": 32956.98282566144,
    "totalData": 140000,
    "sizePerRequest": 14,
    "sizePerSec": 461397.7595592602
  },
  "responseTimeHistogram": {
    "0.000642083": 1,
    "0.0011448914": 199,
    "0.0016476998000000001": 8397,
    "0.0021505082": 780,
    "0.0026533166": 98,
    "0.003156125": 308,
    "0.0036589333999999998": 100,
    "0.0041617418": 69,
    "0.0046645502": 44,
    "0.0051673586": 2,
    "0.005670167": 2
  },
  "latencyPercentiles": {
    "p10": 0.001256416,
    "p25": 0.001313458,
    "p50": 0.001385708,
    "p75": 0.001506375,
    "p90": 0.001710459,
    "p95": 0.002754583,
    "p99": 0.003734833,
    "p99.9": 0.004442667,
    "p99.99": 0.005656625
  },
  "rps": {
    "mean": 32837.30169917241,
    "stddev": 6790.637687719878,
    "max": 40518.82053285618,
    "min": 12110.273354487497,
    "percentiles": {
      "p10": 24516.047670092656,
      "p25": 33435.134784257556,
      "p50": 34803.33415941247,
      "p75": 36162.16986021288,
      "p90": 37514.0614532907,
      "p95": 39000.48750609386,
      "p99": 40518.82053285618,
      "p99.9": 40518.82053285618,
      "p99.99": 40518.82053285618
    }
  },
  "details": {
    "DNSDialup": {
      "average": 0.0007425309119999989,
      "fastest": 0.000029833,
      "slowest": 0.002454709
    },
    "DNSLookup": {
      "average": 7.095406000000004e-7,
      "fastest": 3.75e-7,
      "slowest": 0.00006275
    }
  },
  "statusCodeDistribution": {
    "202": 10000
  },
  "errorDistribution": {}
}