{
  "summary": {
    "successRate": 1.0,
    "total": 0.079241459,
    "slowest": 0.001915583,
    "fastest": 0.00004725,
    "average": 0.0003893167104999994,
    "requestsPerSec": 126196.56586585565,
    "totalData": 210000,
    "sizePerRequest": 21,
    "sizePerSec": 2650127.8831829685
  },
  "responseTimeHistogram": {
    "0.00004725": 1,
    "0.00023408330000000002": 2284,
    "0.0004209166": 4984,
    "0.0006077499": 1174,
    "0.0007945832": 832,
    "0.0009814165": 279,
    "0.0011682498": 241,
    "0.0013550831": 122,
    "0.0015419164": 42,
    "0.0017287497000000001": 26,
    "0.0019155830000000002": 15
  },
  "latencyPercentiles": {
    "p10": 0.000190334,
    "p25": 0.000239833,
    "p50": 0.000300625,
    "p75": 0.00045325,
    "p90": 0.000690709,
    "p95": 0.000948416,
    "p99": 0.001315625,
    "p99.9": 0.001757583,
    "p99.99": 0.001898084
  },
  "rps": {
    "mean": 126607.5136416488,
    "stddev": 51832.2889022356,
    "max": 166585.3750046899,
    "min": 43616.172876902754,
    "percentiles": {
      "p10": 43616.172876902754,
      "p25": 93200.7735664206,
      "p50": 158548.230371679,
      "p75": 166022.82813886914,
      "p90": 166585.3750046899,
      "p95": 166585.3750046899,
      "p99": 166585.3750046899,
      "p99.9": 166585.3750046899,
      "p99.99": 166585.3750046899
    }
  },
  "details": {
    "DNSDialup": {
      "average": 0.0007450766599999999,
      "fastest": 0.000418292,
      "slowest": 0.00085775
    },
    "DNSLookup": {
      "average": 0.000011256699999999998,
      "fastest": 4.59e-7,
      "slowest": 0.000095666
    }
  },
  "statusCodeDistribution": {
    "200": 10000
  },
  "errorDistribution": {}
}