{
  "summary": {
    "successRate": 1.0,
    "total": 0.078739833,
    "slowest": 0.001817167,
    "fastest": 0.000042083,
    "average": 0.00038644503630000024,
    "requestsPerSec": 127000.5233564567,
    "totalData": 210000,
    "sizePerRequest": 21,
    "sizePerSec": 2667010.990485591
  },
  "responseTimeHistogram": {
    "0.000042083": 1,
    "0.0002195914": 1765,
    "0.0003970998": 4824,
    "0.0005746082": 2112,
    "0.0007521165999999999": 703,
    "0.0009296249999999999": 153,
    "0.0011071334": 173,
    "0.0012846418": 201,
    "0.0014621502": 28,
    "0.0016396586": 29,
    "0.001817167": 11
  },
  "latencyPercentiles": {
    "p10": 0.000192042,
    "p25": 0.00024225,
    "p50": 0.000316167,
    "p75": 0.000476083,
    "p90": 0.000603833,
    "p95": 0.000837167,
    "p99": 0.001250542,
    "p99.9": 0.001686167,
    "p99.99": 0.001778208
  },
  "rps": {
    "mean": 127707.59165182013,
    "stddev": 47600.05487077709,
    "max": 167181.00723948196,
    "min": 52821.489425679065,
    "percentiles": {
      "p10": 52821.489425679065,
      "p25": 100902.10885407504,
      "p50": 156170.0336051066,
      "p75": 164829.63701197237,
      "p90": 167181.00723948196,
      "p95": 167181.00723948196,
      "p99": 167181.00723948196,
      "p99.9": 167181.00723948196,
      "p99.99": 167181.00723948196
    }
  },
  "details": {
    "DNSDialup": {
      "average": 0.00073288582,
      "fastest": 0.000499875,
      "slowest": 0.000878333
    },
    "DNSLookup": {
      "average": 0.000013157420000000005,
      "fastest": 5e-7,
      "slowest": 0.000131541
    }
  },
  "statusCodeDistribution": {
    "200": 10000
  },
  "errorDistribution": {}
}