{
  "summary": {
    "successRate": 1.0,
    "total": 38.076156,
    "slowest": 0.56362675,
    "fastest": 0.043578209,
    "average": 0.19005069542169994,
    "requestsPerSec": 262.63155345828505,
    "totalData": 140000,
    "sizePerRequest": 14,
    "sizePerSec": 3676.8417484159904
  },
  "responseTimeHistogram": {
    "0.043578209": 1,
    "0.0955830631": 193,
    "0.1475879172": 1990,
    "0.1995927713": 4175,
    "0.25159762539999997": 2349,
    "0.30360247949999997": 850,
    "0.35560733359999996": 298,
    "0.40761218769999996": 91,
    "0.45961704179999996": 43,
    "0.5116218959": 7,
    "0.56362675": 3
  },
  "latencyPercentiles": {
    "p10": 0.126701166,
    "p25": 0.151270833,
    "p50": 0.181362791,
    "p75": 0.219271333,
    "p90": 0.264087625,
    "p95": 0.298812959,
    "p99": 0.375879875,
    "p99.9": 0.471150959,
    "p99.99": 0.52963175
  },
  "rps": {
    "mean": 11391.159093760498,
    "stddev": 516015.75170470093,
    "max": 24390243.99783371,
    "min": 11.16394871590085,
    "percentiles": {
      "p10": 78.88871673617967,
      "p25": 121.82122734884432,
      "p50": 267.2025681373531,
      "p75": 441.38135591907667,
      "p90": 617.2807499021045,
      "p95": 738.8367311200526,
      "p99": 1278.6350315356513,
      "p99.9": 11840.204598749702,
      "p99.99": 24390243.99783371
    }
  },
  "details": {
    "DNSDialup": {
      "average": 0.00019289954829999876,
      "fastest": 0.000046375,
      "slowest": 0.0182675
    },
    "DNSLookup": {
      "average": 4.858275999999996e-6,
      "fastest": 5e-7,
      "slowest": 0.000130667
    }
  },
  "statusCodeDistribution": {
    "202": 10000
  },
  "errorDistribution": {}
}