{
  "summary": {
    "successRate": 1.0,
    "total": 0.13029125,
    "slowest": 0.006108542,
    "fastest": 0.000135917,
    "average": 0.0006450689479000012,
    "requestsPerSec": 76751.12488367409,
    "totalData": 20000,
    "sizePerRequest": 2,
    "sizePerSec": 153502.24976734817
  },
  "responseTimeHistogram": {
    "0.000135917": 1,
    "0.0007331795": 7967,
    "0.0013304419999999998": 1196,
    "0.0019277044999999997": 658,
    "0.002524967": 94,
    "0.0031222295": 31,
    "0.0037194919999999996": 4,
    "0.0043167545": 1,
    "0.004914017": 30,
    "0.0055112795": 11,
    "0.006108542": 7
  },
  "latencyPercentiles": {
    "p10": 0.000358125,
    "p25": 0.000413416,
    "p50": 0.000489084,
    "p75": 0.000674458,
    "p90": 0.001137416,
    "p95": 0.001587916,
    "p99": 0.0024255,
    "p99.9": 0.005335958,
    "p99.99": 0.005895041
  },
  "rps": {
    "mean": 76178.11052867015,
    "stddev": 28159.065318097946,
    "max": 100010.43151848264,
    "min": 13117.435695526494,
    "percentiles": {
      "p10": 29214.544385627167,
      "p25": 68506.1845861093,
      "p50": 91014.40758072007,
      "p75": 93225.46282787374,
      "p90": 97334.87508574329,
      "p95": 100010.43151848264,
      "p99": 100010.43151848264,
      "p99.9": 100010.43151848264,
      "p99.99": 100010.43151848264
    }
  },
  "details": {
    "DNSDialup": {
      "average": 0.00084910584,
      "fastest": 0.000490084,
      "slowest": 0.001116625
    },
    "DNSLookup": {
      "average": 0.000018311559999999997,
      "fastest": 4.58e-7,
      "slowest": 0.000225916
    }
  },
  "statusCodeDistribution": {
    "202": 10000
  },
  "errorDistribution": {}
}