{
  "summary": {
    "successRate": 1.0,
    "total": 0.128519667,
    "slowest": 0.005237834,
    "fastest": 0.000141417,
    "average": 0.0006346505303000008,
    "requestsPerSec": 77809.10294453222,
    "totalData": 20000,
    "sizePerRequest": 2,
    "sizePerSec": 155618.20588906444
  },
  "responseTimeHistogram": {
    "0.000141417": 1,
    "0.0006510587000000001": 7064,
    "0.0011607004": 2100,
    "0.0016703421": 609,
    "0.0021799838": 120,
    "0.0026896255000000003": 45,
    "0.0031992672": 35,
    "0.0037089089": 13,
    "0.0042185506": 11,
    "0.0047281923": 1,
    "0.005237834": 1
  },
  "latencyPercentiles": {
    "p10": 0.000360375,
    "p25": 0.000416458,
    "p50": 0.000502167,
    "p75": 0.000696541,
    "p90": 0.001069375,
    "p95": 0.001483625,
    "p99": 0.002240916,
    "p99.9": 0.00383525,
    "p99.99": 0.004501917
  },
  "rps": {
    "mean": 77918.34852751347,
    "stddev": 19200.746919524467,
    "max": 92669.8916322691,
    "min": 21958.739628506257,
    "percentiles": {
      "p10": 55829.539409301455,
      "p25": 79401.65949468348,
      "p50": 83679.84731030355,
      "p75": 88192.60223234385,
      "p90": 89011.49138353753,
      "p95": 92669.8916322691,
      "p99": 92669.8916322691,
      "p99.9": 92669.8916322691,
      "p99.99": 92669.8916322691
    }
  },
  "details": {
    "DNSDialup": {
      "average": 0.00084274586,
      "fastest": 0.000502375,
      "slowest": 0.001110375
    },
    "DNSLookup": {
      "average": 8.009180000000003e-6,
      "fastest": 4.59e-7,
      "slowest": 0.0000785
    }
  },
  "statusCodeDistribution": {
    "202": 10000
  },
  "errorDistribution": {}
}