{
  "summary": {
    "successRate": 1.0,
    "total": 0.076675667,
    "slowest": 0.0018765,
    "fastest": 0.000069875,
    "average": 0.000377573782000001,
    "requestsPerSec": 130419.47192973227,
    "totalData": 0,
    "sizePerRequest": 0,
    "sizePerSec": 0.0
  },
  "responseTimeHistogram": {
    "0.000069875": 1,
    "0.00025053749999999996": 3203,
    "0.00043119999999999996": 4623,
    "0.0006118624999999999": 1283,
    "0.0007925249999999999": 122,
    "0.0009731874999999999": 240,
    "0.0011538499999999999": 80,
    "0.0013345124999999999": 162,
    "0.001515175": 243,
    "0.0016958375": 31,
    "0.0018765": 12
  },
  "latencyPercentiles": {
    "p10": 0.000191667,
    "p25": 0.000234125,
    "p50": 0.000294125,
    "p75": 0.00039575,
    "p90": 0.000575291,
    "p95": 0.000994667,
    "p99": 0.001425959,
    "p99.9": 0.001724959,
    "p99.99": 0.001817333
  },
  "rps": {
    "mean": 132455.548373923,
    "stddev": 62806.60191159898,
    "max": 181056.16093880977,
    "min": 33704.49280889143,
    "percentiles": {
      "p10": 33704.49280889143,
      "p25": 90915.91028429975,
      "p50": 173745.6082221584,
      "p75": 179020.84860664106,
      "p90": 181056.16093880977,
      "p95": 181056.16093880977,
      "p99": 181056.16093880977,
      "p99.9": 181056.16093880977,
      "p99.99": 181056.16093880977
    }
  },
  "details": {
    "DNSDialup": {
      "average": 0.00076429742,
      "fastest": 0.000451166,
      "slowest": 0.001052125
    },
    "DNSLookup": {
      "average": 0.000015604920000000002,
      "fastest": 5e-7,
      "slowest": 0.000277333
    }
  },
  "statusCodeDistribution": {
    "200": 10000
  },
  "errorDistribution": {}
}