{
  "summary": {
    "successRate": 1.0,
    "total": 1.416528459,
    "slowest": 0.032509417,
    "fastest": 0.001533792,
    "average": 0.007074086826400006,
    "requestsPerSec": 7059.5122437988375,
    "totalData": 0,
    "sizePerRequest": 0,
    "sizePerSec": 0.0
  },
  "responseTimeHistogram": {
    "0.001533792": 1,
    "0.0046313545000000005": 68,
    "0.007728917": 9628,
    "0.0108264795": 161,
    "0.013924042000000001": 53,
    "0.0170216045": 37,
    "0.020119167": 1,
    "0.023216729499999998": 2,
    "0.026314292": 4,
    "0.0294118545": 26,
    "0.032509417": 19
  },
  "latencyPercentiles": {
    "p10": 0.006569,
    "p25": 0.006725584,
    "p50": 0.006903375,
    "p75": 0.007118792,
    "p90": 0.007362833,
    "p95": 0.007552834,
    "p99": 0.013066125,
    "p99.9": 0.03071,
    "p99.99": 0.032332667
  },
  "rps": {
    "mean": 7136.6795043202765,
    "stddev": 1087.063721289023,
    "max": 10913.664142899173,
    "min": 43.967639817094614,
    "percentiles": {
      "p10": 6220.163905331913,
      "p25": 6758.915438200304,
      "p50": 7155.935803394359,
      "p75": 7629.7560485894155,
      "p90": 8110.475490143085,
      "p95": 8419.251625043886,
      "p99": 10609.854432797183,
      "p99.9": 10913.664142899173,
      "p99.99": 10913.664142899173
    }
  },
  "details": {
    "DNSDialup": {
      "average": 0.0008307433199999999,
      "fastest": 0.000327917,
      "slowest": 0.001371583
    },
    "DNSLookup": {
      "average": 4.322440000000002e-6,
      "fastest": 4.58e-7,
      "slowest": 0.00002375
    }
  },
  "statusCodeDistribution": {
    "202": 10000
  },
  "errorDistribution": {}
}