{
  "summary": {
    "successRate": 1.0,
    "total": 0.076148625,
    "slowest": 0.001703667,
    "fastest": 0.000050666,
    "average": 0.00037225902179999996,
    "requestsPerSec": 131322.134838285,
    "totalData": 0,
    "sizePerRequest": 0,
    "sizePerSec": 0.0
  },
  "responseTimeHistogram": {
    "0.000050666": 1,
    "0.0002159661": 1759,
    "0.0003812662": 5231,
    "0.0005465663000000001": 1710,
    "0.0007118664": 593,
    "0.0008771665": 253,
    "0.0010424666000000001": 50,
    "0.0012077667000000001": 130,
    "0.0013730668": 234,
    "0.0015383669": 32,
    "0.001703667": 7
  },
  "latencyPercentiles": {
    "p10": 0.000191833,
    "p25": 0.000235917,
    "p50": 0.000299792,
    "p75": 0.0004245,
    "p90": 0.000591125,
    "p95": 0.00083825,
    "p99": 0.00128875,
    "p99.9": 0.001526625,
    "p99.99": 0.001613917
  },
  "rps": {
    "mean": 133702.5104248074,
    "stddev": 56340.77886121161,
    "max": 179395.08173963364,
    "min": 41620.11500158027,
    "percentiles": {
      "p10": 41620.11500158027,
      "p25": 94530.72248480754,
      "p50": 172185.386733281,
      "p75": 177906.01419385808,
      "p90": 179395.08173963364,
      "p95": 179395.08173963364,
      "p99": 179395.08173963364,
      "p99.9": 179395.08173963364,
      "p99.99": 179395.08173963364
    }
  },
  "details": {
    "DNSDialup": {
      "average": 0.0008427484199999999,
      "fastest": 0.000358833,
      "slowest": 0.001007459
    },
    "DNSLookup": {
      "average": 6.864959999999998e-6,
      "fastest": 4.17e-7,
      "slowest": 0.000106291
    }
  },
  "statusCodeDistribution": {
    "200": 10000
  },
  "errorDistribution": {}
}