{
  "summary": {
    "successRate": 1.0,
    "total": 0.080547583,
    "slowest": 0.005307292,
    "fastest": 0.00005025,
    "average": 0.00039578363680000143,
    "requestsPerSec": 124150.21813876153,
    "totalData": 0,
    "sizePerRequest": 0,
    "sizePerSec": 0.0
  },
  "responseTimeHistogram": {
    "0.00005025": 1,
    "0.0005759541999999999": 8745,
    "0.0011016583999999999": 986,
    "0.0016273625999999998": 218,
    "0.0021530667999999998": 0,
    "0.002678771": 0,
    "0.0032044751999999997": 0,
    "0.0037301793999999994": 0,
    "0.0042558836": 8,
    "0.0047815878": 28,
    "0.005307292": 14
  },
  "latencyPercentiles": {
    "p10": 0.000203208,
    "p25": 0.000237667,
    "p50": 0.000289583,
    "p75": 0.000493625,
    "p90": 0.000600291,
    "p95": 0.000847041,
    "p99": 0.001491667,
    "p99.9": 0.004841917,
    "p99.99": 0.0052465
  },
  "rps": {
    "mean": 128604.58455460457,
    "stddev": 63643.26980951467,
    "max": 187021.8254470297,
    "min": 24704.52834004473,
    "percentiles": {
      "p10": 24704.52834004473,
      "p25": 87795.21139832688,
      "p50": 166516.24699022007,
      "p75": 179144.09998725547,
      "p90": 187021.8254470297,
      "p95": 187021.8254470297,
      "p99": 187021.8254470297,
      "p99.9": 187021.8254470297,
      "p99.99": 187021.8254470297
    }
  },
  "details": {
    "DNSDialup": {
      "average": 0.0007639708599999998,
      "fastest": 0.000516875,
      "slowest": 0.000931625
    },
    "DNSLookup": {
      "average": 0.000013239200000000002,
      "fastest": 5.41e-7,
      "slowest": 0.00010525
    }
  },
  "statusCodeDistribution": {
    "200": 10000
  },
  "errorDistribution": {}
}