{
  "summary": {
    "successRate": 1.0,
    "total": 51.746970708,
    "slowest": 0.004653042,
    "fastest": 0.000170708,
    "average": 0.0016609652839466981,
    "requestsPerSec": 121.82355631158543,
    "totalData": 0,
    "sizePerRequest": 0,
    "sizePerSec": 0.0
  },
  "responseTimeHistogram": {
    "0.000170708": 1,
    "0.0006189413999999999": 233,
    "0.0010671748": 891,
    "0.0015154081999999998": 1573,
    "0.0019636415999999997": 1695,
    "0.0024118749999999995": 1194,
    "0.0028601084": 505,
    "0.0033083417999999996": 145,
    "0.0037565751999999995": 49,
    "0.0042048086": 11,
    "0.004653042": 7
  },
  "latencyPercentiles": {
    "p10": 0.000883333,
    "p25": 0.001200375,
    "p50": 0.001648458,
    "p75": 0.002066583,
    "p90": 0.00245875,
    "p95": 0.0027105,
    "p99": 0.003334083,
    "p99.9": 0.004231792,
    "p99.99": 0.004653042
  },
  "rps": {
    "mean": 29949.081976111112,
    "stddev": 1290.4575737692624,
    "max": 32302.965703178885,
    "min": 26356.33666963134,
    "percentiles": {
      "p10": 28940.36074963573,
      "p25": 29130.103048490288,
      "p50": 30075.06133808763,
      "p75": 30400.504648377122,
      "p90": 31692.01215022985,
      "p95": 32176.957629562625,
      "p99": 32302.965703178885,
      "p99.9": 32302.965703178885,
      "p99.99": 32302.965703178885
    }
  },
  "details": {
    "DNSDialup": {
      "average": 0.0008379891800000001,
      "fastest": 0.000385042,
      "slowest": 0.001348
    },
    "DNSLookup": {
      "average": 5.644199999999998e-6,
      "fastest": 5e-7,
      "slowest": 0.0000395
    }
  },
  "statusCodeDistribution": {
    "202": 6304
  },
  "errorDistribution": {}
}