{
  "summary": {
    "successRate": 1.0,
    "total": 0.113470375,
    "slowest": 0.0036205,
    "fastest": 0.000069458,
    "average": 0.0005618819540999978,
    "requestsPerSec": 88128.7296353784,
    "totalData": 0,
    "sizePerRequest": 0,
    "sizePerSec": 0.0
  },
  "responseTimeHistogram": {
    "0.000069458": 1,
    "0.0004245622": 2712,
    "0.0007796664": 5885,
    "0.0011347706": 1232,
    "0.0014898747999999998": 118,
    "0.001844979": 35,
    "0.0022000832": 15,
    "0.0025551874": 1,
    "0.0029102916": 0,
    "0.0032653957999999998": 0,
    "0.0036205": 1
  },
  "latencyPercentiles": {
    "p10": 0.000310375,
    "p25": 0.000414667,
    "p50": 0.000535166,
    "p75": 0.000673333,
    "p90": 0.000835958,
    "p95": 0.000957458,
    "p99": 0.001170292,
    "p99.9": 0.001957083,
    "p99.99": 0.002242667
  },
  "rps": {
    "mean": 88376.57484218745,
    "stddev": 12249.678397668544,
    "max": 106184.9260119679,
    "min": 56264.46782723645,
    "percentiles": {
      "p10": 74705.29660552932,
      "p25": 88935.57422969189,
      "p50": 91406.4715781878,
      "p75": 93500.39270164931,
      "p90": 94258.51568653819,
      "p95": 106184.9260119679,
      "p99": 106184.9260119679,
      "p99.9": 106184.9260119679,
      "p99.99": 106184.9260119679
    }
  },
  "details": {
    "DNSDialup": {
      "average": 0.0006657849600000003,
      "fastest": 0.000393708,
      "slowest": 0.000784333
    },
    "DNSLookup": {
      "average": 4.866739999999999e-6,
      "fastest": 4.58e-7,
      "slowest": 0.000068667
    }
  },
  "statusCodeDistribution": {
    "202": 10000
  },
  "errorDistribution": {}
}