{
  "summary": {
    "successRate": 1.0,
    "total": 22.528615584,
    "slowest": 0.262088917,
    "fastest": 0.026162917,
    "average": 0.11257881893400042,
    "requestsPerSec": 443.87991630973005,
    "totalData": 0,
    "sizePerRequest": 0,
    "sizePerSec": 0.0
  },
  "responseTimeHistogram": {
    "0.026162917": 1,
    "0.049755517": 11,
    "0.07334811699999999": 17,
    "0.09694071700000001": 170,
    "0.120533317": 8328,
    "0.144125917": 1329,
    "0.167718517": 88,
    "0.191311117": 19,
    "0.214903717": 15,
    "0.23849631699999999": 13,
    "0.262088917": 9
  },
  "latencyPercentiles": {
    "p10": 0.102743833,
    "p25": 0.106478375,
    "p50": 0.110958,
    "p75": 0.116307958,
    "p90": 0.123698291,
    "p95": 0.1301295,
    "p99": 0.148578208,
    "p99.9": 0.238095166,
    "p99.99": 0.257153125
  },
  "rps": {
    "mean": 468.0068995426923,
    "stddev": 252.48890667403685,
    "max": 3079.082614502633,
    "min": 8.704826910087982,
    "percentiles": {
      "p10": 173.19016279876132,
      "p25": 302.0375148715328,
      "p50": 443.1171608420145,
      "p75": 607.2598153832586,
      "p90": 747.5471376526888,
      "p95": 877.983167306705,
      "p99": 1265.089033171155,
      "p99.9": 2110.630825341075,
      "p99.99": 3079.082614502633
    }
  },
  "details": {
    "DNSDialup": {
      "average": 0.0009066699599999999,
      "fastest": 0.00047,
      "slowest": 0.0010735
    },
    "DNSLookup": {
      "average": 4.282460000000001e-6,
      "fastest": 4.58e-7,
      "slowest": 0.000042
    }
  },
  "statusCodeDistribution": {
    "200": 10000
  },
  "errorDistribution": {}
}