{
  "summary": {
    "successRate": 1.0,
    "total": 23.092228292,
    "slowest": 0.245785542,
    "fastest": 0.038732375,
    "average": 0.1153779080983002,
    "requestsPerSec": 433.0461258892183,
    "totalData": 0,
    "sizePerRequest": 0,
    "sizePerSec": 0.0
  },
  "responseTimeHistogram": {
    "0.038732375": 1,
    "0.059437691699999996": 14,
    "0.0801430084": 12,
    "0.1008483251": 215,
    "0.12155364179999999": 8753,
    "0.14225895849999998": 952,
    "0.16296427519999998": 8,
    "0.18366959189999998": 21,
    "0.20437490859999996": 8,
    "0.2250802253": 4,
    "0.24578554199999997": 12
  },
  "latencyPercentiles": {
    "p10": 0.108987542,
    "p25": 0.112312167,
    "p50": 0.115390541,
    "p75": 0.118558459,
    "p90": 0.121566917,
    "p95": 0.123765417,
    "p99": 0.131195167,
    "p99.9": 0.230685,
    "p99.99": 0.245022042
  },
  "rps": {
    "mean": 453.3064560738563,
    "stddev": 239.81495796878735,
    "max": 4126.553131448359,
    "min": 10.1708318341951,
    "percentiles": {
      "p10": 208.87820082344038,
      "p25": 314.0059857913901,
      "p50": 429.33294254489425,
      "p75": 558.1239177977135,
      "p90": 702.3191162483645,
      "p95": 795.5845059919336,
      "p99": 1130.6534083744748,
      "p99.9": 3040.0912027364566,
      "p99.99": 4126.553131448359
    }
  },
  "details": {
    "DNSDialup": {
      "average": 0.0008163041599999999,
      "fastest": 0.000498583,
      "slowest": 0.000996708
    },
    "DNSLookup": {
      "average": 7.998299999999998e-6,
      "fastest": 4.58e-7,
      "slowest": 0.000065125
    }
  },
  "statusCodeDistribution": {
    "200": 10000
  },
  "errorDistribution": {}
}