{
  "summary": {
    "successRate": 1.0,
    "total": 0.124462167,
    "slowest": 0.014702917,
    "fastest": 0.000265667,
    "average": 0.0006150346531999991,
    "requestsPerSec": 80345.70055332557,
    "totalData": 20000,
    "sizePerRequest": 2,
    "sizePerSec": 160691.40110665114
  },
  "responseTimeHistogram": {
    "0.000265667": 1,
    "0.001709392": 9769,
    "0.0031531169999999996": 182,
    "0.004596841999999999": 20,
    "0.006040566999999999": 9,
    "0.007484291999999999": 5,
    "0.008928017": 3,
    "0.010371742": 2,
    "0.011815467": 4,
    "0.013259192": 2,
    "0.014702917": 3
  },
  "latencyPercentiles": {
    "p10": 0.000390875,
    "p25": 0.000418875,
    "p50": 0.000458875,
    "p75": 0.000638625,
    "p90": 0.000941334,
    "p95": 0.00128925,
    "p99": 0.002015,
    "p99.9": 0.009639208,
    "p99.99": 0.014031334
  },
  "rps": {
    "mean": 81010.79686376042,
    "stddev": 30282.987824395495,
    "max": 108391.5945981535,
    "min": 15521.490079827652,
    "percentiles": {
      "p10": 29571.167408685837,
      "p25": 93847.31781764368,
      "p50": 95084.6258179507,
      "p75": 95426.8413575324,
      "p90": 96723.37804047234,
      "p95": 108391.5945981535,
      "p99": 108391.5945981535,
      "p99.9": 108391.5945981535,
      "p99.99": 108391.5945981535
    }
  },
  "details": {
    "DNSDialup": {
      "average": 0.0007862242200000002,
      "fastest": 0.000571292,
      "slowest": 0.000996625
    },
    "DNSLookup": {
      "average": 0.00003166991999999998,
      "fastest": 5.42e-7,
      "slowest": 0.000243125
    }
  },
  "statusCodeDistribution": {
    "202": 10000
  },
  "errorDistribution": {}
}