{
  "summary": {
    "successRate": 1.0,
    "total": 0.134016209,
    "slowest": 0.00967225,
    "fastest": 0.000144167,
    "average": 0.0006557966151999991,
    "requestsPerSec": 74617.83969728617,
    "totalData": 20000,
    "sizePerRequest": 2,
    "sizePerSec": 149235.67939457233
  },
  "responseTimeHistogram": {
    "0.000144167": 1,
    "0.0010969753": 8959,
    "0.0020497836": 911,
    "0.0030025919": 78,
    "0.0039554002": 26,
    "0.0049082085": 12,
    "0.0058610167999999995": 5,
    "0.0068138250999999995": 2,
    "0.0077666333999999995": 3,
    "0.0087194417": 2,
    "0.00967225": 1
  },
  "latencyPercentiles": {
    "p10": 0.000393542,
    "p25": 0.000431917,
    "p50": 0.000512541,
    "p75": 0.000668916,
    "p90": 0.001159,
    "p95": 0.001525,
    "p99": 0.002234166,
    "p99.9": 0.005549375,
    "p99.99": 0.008710167
  },
  "rps": {
    "mean": 75063.35319701603,
    "stddev": 28689.80727087261,
    "max": 103825.08414032827,
    "min": 13012.144234213793,
    "percentiles": {
      "p10": 28462.830158772304,
      "p25": 76715.97993862125,
      "p50": 86262.08880457528,
      "p75": 95034.05070036593,
      "p90": 95607.96050900672,
      "p95": 103825.08414032827,
      "p99": 103825.08414032827,
      "p99.9": 103825.08414032827,
      "p99.99": 103825.08414032827
    }
  },
  "details": {
    "DNSDialup": {
      "average": 0.0015212975800000003,
      "fastest": 0.000979667,
      "slowest": 0.002341125
    },
    "DNSLookup": {
      "average": 0.00007355414,
      "fastest": 5e-7,
      "slowest": 0.0006525
    }
  },
  "statusCodeDistribution": {
    "202": 10000
  },
  "errorDistribution": {}
}