{
  "summary": {
    "successRate": 1.0,
    "total": 0.002719464,
    "slowest": 0.001756937,
    "fastest": 0.000515968,
    "average": 0.0011625285,
    "requestsPerSec": 3677.1952119976586,
    "totalData": 20,
    "sizePerRequest": 2,
    "sizePerSec": 7354.390423995317
  },
  "responseTimeHistogram": {
    "0.000515968": 1,
    "0.0006400649": 0,
    "0.0007641618": 1,
    "0.0008882587000000001": 1,
    "0.0010123556000000001": 0,
    "0.0011364525000000002": 1,
    "0.0012605494": 1,
    "0.0013846463": 2,
    "0.0015087432": 2,
    "0.0016328401": 0,
    "0.001756937": 1
  },
  "latencyPercentiles": {
    "p10": 0.000734675,
    "p25": 0.000772779,
    "p50": 0.001351329,
    "p75": 0.001402193,
    "p90": 0.001756937,
    "p95": 0.001756937,
    "p99": 0.001756937,
    "p99.9": 0.001756937,
    "p99.99": 0.001756937
  },
  "rps": {
    "mean": 3880.303501818698,
    "stddev": null,
    "max": 3880.303501818698,
    "min": 3880.303501818698,
    "percentiles": {
      "p10": 3880.303501818698,
      "p25": 3880.303501818698,
      "p50": 3880.303501818698,
      "p75": 3880.303501818698,
      "p90": 3880.303501818698,
      "p95": 3880.303501818698,
      "p99": 3880.303501818698,
      "p99.9": 3880.303501818698,
      "p99.99": 3880.303501818698
    }
  },
  "details": {
    "DNSDialup": {
      "average": 0.0002644036,
      "fastest": 0.000071754,
      "slowest": 0.00053974
    },
    "DNSLookup": {
      "average": 3.8140999999999996e-6,
      "fastest": 1.733e-6,
      "slowest": 9.278e-6
    }
  },
  "statusCodeDistribution": {
    "202": 10
  },
  "errorDistribution": {}
}