{
  "summary": {
    "successRate": 1.0,
    "total": 0.003034678,
    "slowest": 0.001955378,
    "fastest": 0.001305515,
    "average": 0.0015577641999999997,
    "requestsPerSec": 3295.242526554712,
    "totalData": 20,
    "sizePerRequest": 2,
    "sizePerSec": 6590.485053109424
  },
  "responseTimeHistogram": {
    "0.001305515": 1,
    "0.0013705013": 1,
    "0.0014354875999999998": 1,
    "0.0015004738999999999": 1,
    "0.0015654602": 2,
    "0.0016304465": 1,
    "0.0016954327999999998": 2,
    "0.0017604190999999999": 0,
    "0.0018254053999999997": 0,
    "0.0018903916999999998": 0,
    "0.001955378": 1
  },
  "latencyPercentiles": {
    "p10": 0.001351901,
    "p25": 0.001427051,
    "p50": 0.001542575,
    "p75": 0.001680287,
    "p90": 0.001955378,
    "p95": 0.001955378,
    "p99": 0.001955378,
    "p99.9": 0.001955378,
    "p99.99": 0.001955378
  },
  "rps": {
    "mean": 3461.915810361791,
    "stddev": null,
    "max": 3461.915810361791,
    "min": 3461.915810361791,
    "percentiles": {
      "p10": 3461.915810361791,
      "p25": 3461.915810361791,
      "p50": 3461.915810361791,
      "p75": 3461.915810361791,
      "p90": 3461.915810361791,
      "p95": 3461.915810361791,
      "p99": 3461.915810361791,
      "p99.9": 3461.915810361791,
      "p99.99": 3461.915810361791
    }
  },
  "details": {
    "DNSDialup": {
      "average": 0.0003482746,
      "fastest": 0.000118181,
      "slowest": 0.000628385
    },
    "DNSLookup": {
      "average": 3.1768000000000002e-6,
      "fastest": 2.074e-6,
      "slowest": 9.006e-6
    }
  },
  "statusCodeDistribution": {
    "202": 10
  },
  "errorDistribution": {}
}