{
  "summary": {
    "successRate": 1.0,
    "total": 0.002456366,
    "slowest": 0.001446407,
    "fastest": 0.000493481,
    "average": 0.0009617065000000001,
    "requestsPerSec": 4071.054557830551,
    "totalData": 20,
    "sizePerRequest": 2,
    "sizePerSec": 8142.109115661102
  },
  "responseTimeHistogram": {
    "0.000493481": 1,
    "0.0005887736": 1,
    "0.0006840662000000001": 0,
    "0.0007793588": 1,
    "0.0008746514000000001": 2,
    "0.000969944": 0,
    "0.0010652366": 2,
    "0.0011605292": 0,
    "0.0012558218000000001": 0,
    "0.0013511144": 1,
    "0.001446407": 2
  },
  "latencyPercentiles": {
    "p10": 0.000531975,
    "p25": 0.00072879,
    "p50": 0.001038804,
    "p75": 0.001273474,
    "p90": 0.001446407,
    "p95": 0.001446407,
    "p99": 0.001446407,
    "p99.9": 0.001446407,
    "p99.99": 0.001446407
  },
  "rps": {
    "mean": 4317.970139509298,
    "stddev": null,
    "max": 4317.970139509298,
    "min": 4317.970139509298,
    "percentiles": {
      "p10": 4317.970139509298,
      "p25": 4317.970139509298,
      "p50": 4317.970139509298,
      "p75": 4317.970139509298,
      "p90": 4317.970139509298,
      "p95": 4317.970139509298,
      "p99": 4317.970139509298,
      "p99.9": 4317.970139509298,
      "p99.99": 4317.970139509298
    }
  },
  "details": {
    "DNSDialup": {
      "average": 0.00023556269999999997,
      "fastest": 0.000071885,
      "slowest": 0.000507249
    },
    "DNSLookup": {
      "average": 3.8280000000000004e-6,
      "fastest": 1.252e-6,
      "slowest": 9.347e-6
    }
  },
  "statusCodeDistribution": {
    "202": 10
  },
  "errorDistribution": {}
}