{
  "summary": {
    "successRate": 1.0,
    "total": 0.440677528,
    "slowest": 0.439184978,
    "fastest": 0.344795142,
    "average": 0.38666076460000004,
    "requestsPerSec": 22.69233025197509,
    "totalData": 140,
    "sizePerRequest": 14,
    "sizePerSec": 317.6926235276513
  },
  "responseTimeHistogram": {
    "0.344795142": 1,
    "0.3542341256": 0,
    "0.3636731092": 1,
    "0.3731120928": 0,
    "0.3825510764": 1,
    "0.39199006000000003": 4,
    "0.4014290436": 1,
    "0.4108680272": 1,
    "0.4203070108": 0,
    "0.4297459944": 0,
    "0.439184978": 1
  },
  "latencyPercentiles": {
    "p10": 0.362437735,
    "p25": 0.376632541,
    "p50": 0.387514339,
    "p75": 0.392323052,
    "p90": 0.439184978,
    "p95": 0.439184978,
    "p99": 0.439184978,
    "p99.9": 0.439184978,
    "p99.99": 0.439184978
  },
  "rps": {
    "mean": 124.59154095958303,
    "stddev": 144.62672321208947,
    "max": 400.57773992170013,
    "min": 2.8935355816710517,
    "percentiles": {
      "p10": 2.8935355816710517,
      "p25": 31.308529338815845,
      "p50": 66.62846634596147,
      "p75": 245.7116860846457,
      "p90": 400.57773992170013,
      "p95": 400.57773992170013,
      "p99": 400.57773992170013,
      "p99.9": 400.57773992170013,
      "p99.99": 400.57773992170013
    }
  },
  "details": {
    "DNSDialup": {
      "average": 0.0003089218,
      "fastest": 0.000109455,
      "slowest": 0.000608949
    },
    "DNSLookup": {
      "average": 4.792e-6,
      "fastest": 2.234e-6,
      "slowest": 0.000011601
    }
  },
  "statusCodeDistribution": {
    "202": 10
  },
  "errorDistribution": {}
}