{
  "summary": {
    "successRate": 1.0,
    "total": 0.002664493,
    "slowest": 0.001752306,
    "fastest": 0.001097315,
    "average": 0.0014024661999999999,
    "requestsPerSec": 3753.0592123905,
    "totalData": 140,
    "sizePerRequest": 14,
    "sizePerSec": 52542.828973466996
  },
  "responseTimeHistogram": {
    "0.001097315": 1,
    "0.0011628141": 0,
    "0.0012283132": 1,
    "0.0012938123": 1,
    "0.0013593114": 1,
    "0.0014248105": 2,
    "0.0014903096": 1,
    "0.0015558087": 1,
    "0.0016213078": 1,
    "0.0016868069": 0,
    "0.001752306": 1
  },
  "latencyPercentiles": {
    "p10": 0.001175662,
    "p25": 0.001241812,
    "p50": 0.00142249,
    "p75": 0.001552603,
    "p90": 0.001752306,
    "p95": 0.001752306,
    "p99": 0.001752306,
    "p99.9": 0.001752306,
    "p99.99": 0.001752306
  },
  "rps": {
    "mean": 3919.6656681971654,
    "stddev": null,
    "max": 3919.6656681971654,
    "min": 3919.6656681971654,
    "percentiles": {
      "p10": 3919.6656681971654,
      "p25": 3919.6656681971654,
      "p50": 3919.6656681971654,
      "p75": 3919.6656681971654,
      "p90": 3919.6656681971654,
      "p95": 3919.6656681971654,
      "p99": 3919.6656681971654,
      "p99.9": 3919.6656681971654,
      "p99.99": 3919.6656681971654
    }
  },
  "details": {
    "DNSDialup": {
      "average": 0.0003665574000000001,
      "fastest": 0.00011769,
      "slowest": 0.000691262
    },
    "DNSLookup": {
      "average": 4.551600000000001e-6,
      "fastest": 2.615e-6,
      "slowest": 0.000010038
    }
  },
  "statusCodeDistribution": {
    "202": 10
  },
  "errorDistribution": {}
}