{
  "summary": {
    "successRate": 1.0,
    "total": 0.295986283,
    "slowest": 0.294632331,
    "fastest": 0.225779722,
    "average": 0.2686953458,
    "requestsPerSec": 33.78534943796703,
    "totalData": 210,
    "sizePerRequest": 21,
    "sizePerSec": 709.4923381973076
  },
  "responseTimeHistogram": {
    "0.225779722": 1,
    "0.23266498289999998": 0,
    "0.2395502438": 1,
    "0.2464355047": 1,
    "0.2533207656": 0,
    "0.2602060265": 0,
    "0.2670912874": 0,
    "0.2739765483": 1,
    "0.28086180920000003": 3,
    "0.2877470701": 0,
    "0.294632331": 3
  },
  "latencyPercentiles": {
    "p10": 0.234252321,
    "p25": 0.244693893,
    "p50": 0.279531081,
    "p75": 0.289405353,
    "p90": 0.294632331,
    "p95": 0.294632331,
    "p99": 0.294632331,
    "p99.9": 0.294632331,
    "p99.99": 0.294632331
  },
  "rps": {
    "mean": 164.38397108738164,
    "stddev": 164.21074829141094,
    "max": 430.16167483161496,
    "min": 4.40991442252369,
    "percentiles": {
      "p10": 4.40991442252369,
      "p25": 35.62293451546378,
      "p50": 105.13293691908135,
      "p75": 360.7483435788866,
      "p90": 430.16167483161496,
      "p95": 430.16167483161496,
      "p99": 430.16167483161496,
      "p99.9": 430.16167483161496,
      "p99.99": 430.16167483161496
    }
  },
  "details": {
    "DNSDialup": {
      "average": 0.0002681155,
      "fastest": 0.000111399,
      "slowest": 0.000543647
    },
    "DNSLookup": {
      "average": 4.5031999999999995e-6,
      "fastest": 2.414e-6,
      "slowest": 0.000010499
    }
  },
  "statusCodeDistribution": {
    "200": 10
  },
  "errorDistribution": {}
}