{
  "summary": {
    "successRate": 1.0,
    "total": 0.00228762,
    "slowest": 0.001426488,
    "fastest": 0.000806609,
    "average": 0.0010948171000000001,
    "requestsPerSec": 4371.355382449882,
    "totalData": 140,
    "sizePerRequest": 14,
    "sizePerSec": 61198.975354298345
  },
  "responseTimeHistogram": {
    "0.000806609": 1,
    "0.0008685969": 0,
    "0.0009305848": 2,
    "0.0009925727": 0,
    "0.0010545606000000002": 2,
    "0.0011165485": 0,
    "0.0011785364000000001": 2,
    "0.0012405243000000001": 0,
    "0.0013025122": 1,
    "0.0013645001": 1,
    "0.001426488": 1
  },
  "latencyPercentiles": {
    "p10": 0.000882531,
    "p25": 0.000904021,
    "p50": 0.001164108,
    "p75": 0.001244147,
    "p90": 0.001426488,
    "p95": 0.001426488,
    "p99": 0.001426488,
    "p99.9": 0.001426488,
    "p99.99": 0.001426488
  },
  "rps": {
    "mean": 4593.943620367524,
    "stddev": null,
    "max": 4593.943620367524,
    "min": 4593.943620367524,
    "percentiles": {
      "p10": 4593.943620367524,
      "p25": 4593.943620367524,
      "p50": 4593.943620367524,
      "p75": 4593.943620367524,
      "p90": 4593.943620367524,
      "p95": 4593.943620367524,
      "p99": 4593.943620367524,
      "p99.9": 4593.943620367524,
      "p99.99": 4593.943620367524
    }
  },
  "details": {
    "DNSDialup": {
      "average": 0.00037399669999999994,
      "fastest": 0.000112921,
      "slowest": 0.000701832
    },
    "DNSLookup": {
      "average": 4.244e-6,
      "fastest": 2.024e-6,
      "slowest": 9.217e-6
    }
  },
  "statusCodeDistribution": {
    "202": 10
  },
  "errorDistribution": {}
}