{
  "summary": {
    "successRate": 1.0,
    "total": 0.120218461,
    "slowest": 0.116540353,
    "fastest": 0.031802643,
    "average": 0.0746068022,
    "requestsPerSec": 83.18189999121682,
    "totalData": 140,
    "sizePerRequest": 14,
    "sizePerSec": 1164.5465998770355
  },
  "responseTimeHistogram": {
    "0.031802643": 1,
    "0.040276413999999996": 2,
    "0.048750185": 1,
    "0.057223956": 0,
    "0.065697727": 0,
    "0.074171498": 1,
    "0.082645269": 1,
    "0.09111904": 0,
    "0.099592811": 0,
    "0.108066582": 1,
    "0.11654035299999999": 3
  },
  "latencyPercentiles": {
    "p10": 0.032669671,
    "p25": 0.040034814,
    "p50": 0.079200255,
    "p75": 0.110100109,
    "p90": 0.116540353,
    "p95": 0.116540353,
    "p99": 0.116540353,
    "p99.9": 0.116540353,
    "p99.99": 0.116540353
  },
  "rps": {
    "mean": 157.0257457805377,
    "stddev": 104.3482012844327,
    "max": 278.5753544941026,
    "min": 30.721247960992372,
    "percentiles": {
      "p10": 30.721247960992372,
      "p25": 39.8618166209744,
      "p50": 214.4979600171512,
      "p75": 239.1619287692068,
      "p90": 278.5753544941026,
      "p95": 278.5753544941026,
      "p99": 278.5753544941026,
      "p99.9": 278.5753544941026,
      "p99.99": 278.5753544941026
    }
  },
  "details": {
    "DNSDialup": {
      "average": 0.0002816676,
      "fastest": 0.00010151,
      "slowest": 0.000570387
    },
    "DNSLookup": {
      "average": 4.5996e-6,
      "fastest": 2.415e-6,
      "slowest": 0.000011802
    }
  },
  "statusCodeDistribution": {
    "202": 10
  },
  "errorDistribution": {}
}