{
  "summary": {
    "successRate": 1.0,
    "total": 0.002660217,
    "slowest": 0.001406852,
    "fastest": 0.000468797,
    "average": 0.0011108131,
    "requestsPerSec": 3759.0918334857647,
    "totalData": 20,
    "sizePerRequest": 2,
    "sizePerSec": 7518.183666971529
  },
  "responseTimeHistogram": {
    "0.000468797": 1,
    "0.0005626025": 0,
    "0.000656408": 0,
    "0.0007502135": 0,
    "0.0008440190000000001": 1,
    "0.0009378245": 1,
    "0.00103163": 0,
    "0.0011254355": 1,
    "0.001219241": 0,
    "0.0013130465000000002": 3,
    "0.001406852": 3
  },
  "latencyPercentiles": {
    "p10": 0.000775572,
    "p25": 0.000928026,
    "p50": 0.001266339,
    "p75": 0.001320504,
    "p90": 0.001406852,
    "p95": 0.001406852,
    "p99": 0.001406852,
    "p99.9": 0.001406852,
    "p99.99": 0.001406852
  },
  "rps": {
    "mean": 3938.8206619503226,
    "stddev": null,
    "max": 3938.8206619503226,
    "min": 3938.8206619503226,
    "percentiles": {
      "p10": 3938.8206619503226,
      "p25": 3938.8206619503226,
      "p50": 3938.8206619503226,
      "p75": 3938.8206619503226,
      "p90": 3938.8206619503226,
      "p95": 3938.8206619503226,
      "p99": 3938.8206619503226,
      "p99.9": 3938.8206619503226,
      "p99.99": 3938.8206619503226
    }
  },
  "details": {
    "DNSDialup": {
      "average": 0.0002561905,
      "fastest": 0.00008,
      "slowest": 0.000537345
    },
    "DNSLookup": {
      "average": 3.7220000000000005e-6,
      "fastest": 1.833e-6,
      "slowest": 8.596e-6
    }
  },
  "statusCodeDistribution": {
    "202": 10
  },
  "errorDistribution": {}
}