{
  "summary": {
    "successRate": 1.0,
    "total": 0.066263295,
    "slowest": 0.065005309,
    "fastest": 0.025989189,
    "average": 0.043738852700000004,
    "requestsPerSec": 150.9131110971768,
    "totalData": 20,
    "sizePerRequest": 2,
    "sizePerSec": 301.8262221943536
  },
  "responseTimeHistogram": {
    "0.025989189": 1,
    "0.029890800999999998": 0,
    "0.033792413": 1,
    "0.037694025": 3,
    "0.041595637": 0,
    "0.045497249000000003": 0,
    "0.049398861": 1,
    "0.053300473": 2,
    "0.057202085": 0,
    "0.061103697": 1,
    "0.065005309": 1
  },
  "latencyPercentiles": {
    "p10": 0.030992349,
    "p25": 0.033853834,
    "p50": 0.04731263,
    "p75": 0.052646158,
    "p90": 0.065005309,
    "p95": 0.065005309,
    "p99": 0.065005309,
    "p99.9": 0.065005309,
    "p99.99": 0.065005309
  },
  "rps": {
    "mean": 218.99054542222123,
    "stddev": 165.50266141339276,
    "max": 435.7387236537388,
    "min": 37.31496024296219,
    "percentiles": {
      "p10": 37.31496024296219,
      "p25": 79.57989455345653,
      "p50": 265.2066861788068,
      "p75": 377.87739465628465,
      "p90": 435.7387236537388,
      "p95": 435.7387236537388,
      "p99": 435.7387236537388,
      "p99.9": 435.7387236537388,
      "p99.99": 435.7387236537388
    }
  },
  "details": {
    "DNSDialup": {
      "average": 0.00025433269999999993,
      "fastest": 0.000080621,
      "slowest": 0.000521396
    },
    "DNSLookup": {
      "average": 3.5336e-6,
      "fastest": 1.082e-6,
      "slowest": 0.000010289
    }
  },
  "statusCodeDistribution": {
    "202": 10
  },
  "errorDistribution": {}
}