{
  "summary": {
    "successRate": 1.0,
    "total": 0.002820577,
    "slowest": 0.001493571,
    "fastest": 0.000603358,
    "average": 0.0011886015,
    "requestsPerSec": 3545.37387208362,
    "totalData": 20,
    "sizePerRequest": 2,
    "sizePerSec": 7090.74774416724
  },
  "responseTimeHistogram": {
    "0.000603358": 1,
    "0.0006923793": 0,
    "0.0007814006": 1,
    "0.0008704219": 0,
    "0.0009594432": 0,
    "0.0010484645": 0,
    "0.0011374858": 1,
    "0.0012265071": 2,
    "0.0013155284": 0,
    "0.0014045497": 3,
    "0.001493571": 2
  },
  "latencyPercentiles": {
    "p10": 0.000772735,
    "p25": 0.001081634,
    "p50": 0.001320638,
    "p75": 0.001395237,
    "p90": 0.001493571,
    "p95": 0.001493571,
    "p99": 0.001493571,
    "p99.9": 0.001493571,
    "p99.99": 0.001493571
  },
  "rps": {
    "mean": 3767.495779462853,
    "stddev": null,
    "max": 3767.495779462853,
    "min": 3767.495779462853,
    "percentiles": {
      "p10": 3767.495779462853,
      "p25": 3767.495779462853,
      "p50": 3767.495779462853,
      "p75": 3767.495779462853,
      "p90": 3767.495779462853,
      "p95": 3767.495779462853,
      "p99": 3767.495779462853,
      "p99.9": 3767.495779462853,
      "p99.99": 3767.495779462853
    }
  },
  "details": {
    "DNSDialup": {
      "average": 0.000307872,
      "fastest": 0.00008045,
      "slowest": 0.000605423
    },
    "DNSLookup": {
      "average": 3.7591e-6,
      "fastest": 1.733e-6,
      "slowest": 8.717e-6
    }
  },
  "statusCodeDistribution": {
    "202": 10
  },
  "errorDistribution": {}
}