{
  "summary": {
    "successRate": 1.0,
    "total": 0.002769168,
    "slowest": 0.001828991,
    "fastest": 0.000631612,
    "average": 0.0012920844,
    "requestsPerSec": 3611.192964818314,
    "totalData": 0,
    "sizePerRequest": 0,
    "sizePerSec": 0.0
  },
  "responseTimeHistogram": {
    "0.000631612": 1,
    "0.0007513499000000001": 0,
    "0.0008710878": 0,
    "0.0009908257": 0,
    "0.0011105636000000002": 2,
    "0.0012303015000000002": 2,
    "0.0013500394": 1,
    "0.0014697773000000001": 1,
    "0.0015895152000000002": 0,
    "0.0017092531": 1,
    "0.0018289910000000003": 2
  },
  "latencyPercentiles": {
    "p10": 0.001025314,
    "p25": 0.001026427,
    "p50": 0.001302195,
    "p75": 0.001666007,
    "p90": 0.001828991,
    "p95": 0.001828991,
    "p99": 0.001828991,
    "p99.9": 0.001828991,
    "p99.99": 0.001828991
  },
  "rps": {
    "mean": 3889.627918193346,
    "stddev": null,
    "max": 3889.627918193346,
    "min": 3889.627918193346,
    "percentiles": {
      "p10": 3889.627918193346,
      "p25": 3889.627918193346,
      "p50": 3889.627918193346,
      "p75": 3889.627918193346,
      "p90": 3889.627918193346,
      "p95": 3889.627918193346,
      "p99": 3889.627918193346,
      "p99.9": 3889.627918193346,
      "p99.99": 3889.627918193346
    }
  },
  "details": {
    "DNSDialup": {
      "average": 0.0003751078,
      "fastest": 0.000144791,
      "slowest": 0.000653052
    },
    "DNSLookup": {
      "average": 4.2218e-6,
      "fastest": 1.392e-6,
      "slowest": 0.000011221
    }
  },
  "statusCodeDistribution": {
    "202": 10
  },
  "errorDistribution": {}
}