{
  "summary": {
    "successRate": 1.0,
    "total": 0.002285021,
    "slowest": 0.001299124,
    "fastest": 0.000418643,
    "average": 0.0009936928,
    "requestsPerSec": 4376.327394802936,
    "totalData": 0,
    "sizePerRequest": 0,
    "sizePerSec": 0.0
  },
  "responseTimeHistogram": {
    "0.000418643": 1,
    "0.0005066911": 0,
    "0.0005947392": 0,
    "0.0006827873": 0,
    "0.0007708354": 0,
    "0.0008588835": 0,
    "0.0009469316": 3,
    "0.0010349797": 0,
    "0.0011230278": 3,
    "0.0012110759000000001": 2,
    "0.001299124": 1
  },
  "latencyPercentiles": {
    "p10": 0.000863078,
    "p25": 0.000894293,
    "p50": 0.001090333,
    "p75": 0.001131731,
    "p90": 0.001299124,
    "p95": 0.001299124,
    "p99": 0.001299124,
    "p99.9": 0.001299124,
    "p99.99": 0.001299124
  },
  "rps": {
    "mean": 4686.07514027766,
    "stddev": null,
    "max": 4686.07514027766,
    "min": 4686.07514027766,
    "percentiles": {
      "p10": 4686.07514027766,
      "p25": 4686.07514027766,
      "p50": 4686.07514027766,
      "p75": 4686.07514027766,
      "p90": 4686.07514027766,
      "p95": 4686.07514027766,
      "p99": 4686.07514027766,
      "p99.9": 4686.07514027766,
      "p99.99": 4686.07514027766
    }
  },
  "details": {
    "DNSDialup": {
      "average": 0.0003161715,
      "fastest": 0.000094657,
      "slowest": 0.000599131
    },
    "DNSLookup": {
      "average": 3.9796e-6,
      "fastest": 1.392e-6,
      "slowest": 0.000010299
    }
  },
  "statusCodeDistribution": {
    "200": 10
  },
  "errorDistribution": {}
}