{
  "summary": {
    "successRate": 1.0,
    "total": 0.019012603,
    "slowest": 0.017741074,
    "fastest": 0.003735325,
    "average": 0.012240667500000002,
    "requestsPerSec": 525.9669073193187,
    "totalData": 0,
    "sizePerRequest": 0,
    "sizePerSec": 0.0
  },
  "responseTimeHistogram": {
    "0.003735325": 1,
    "0.0051358999": 1,
    "0.0065364748": 1,
    "0.0079370497": 0,
    "0.0093376246": 0,
    "0.0107381995": 1,
    "0.0121387744": 0,
    "0.0135393493": 0,
    "0.0149399242": 1,
    "0.0163404991": 2,
    "0.017741074": 3
  },
  "latencyPercentiles": {
    "p10": 0.003856331,
    "p25": 0.0062656,
    "p50": 0.016022311,
    "p75": 0.017164183,
    "p90": 0.017741074,
    "p95": 0.017741074,
    "p99": 0.017741074,
    "p99.9": 0.017741074,
    "p99.99": 0.017741074
  },
  "rps": {
    "mean": 913.545005039646,
    "stddev": 880.9900487244284,
    "max": 1930.818763696743,
    "min": 401.9013147397709,
    "percentiles": {
      "p10": 401.9013147397709,
      "p25": 401.9013147397709,
      "p50": 407.9149366824238,
      "p75": 1930.818763696743,
      "p90": 1930.818763696743,
      "p95": 1930.818763696743,
      "p99": 1930.818763696743,
      "p99.9": 1930.818763696743,
      "p99.99": 1930.818763696743
    }
  },
  "details": {
    "DNSDialup": {
      "average": 0.0002342872,
      "fastest": 0.000076132,
      "slowest": 0.000500516
    },
    "DNSLookup": {
      "average": 3.5066e-6,
      "fastest": 1.062e-6,
      "slowest": 9.838e-6
    }
  },
  "statusCodeDistribution": {
    "202": 10
  },
  "errorDistribution": {}
}