{
  "summary": {
    "successRate": 1.0,
    "total": 0.002555501,
    "slowest": 0.001453159,
    "fastest": 0.000439703,
    "average": 0.0011489203,
    "requestsPerSec": 3913.1270150158425,
    "totalData": 0,
    "sizePerRequest": 0,
    "sizePerSec": 0.0
  },
  "responseTimeHistogram": {
    "0.000439703": 1,
    "0.0005410486": 0,
    "0.0006423942": 0,
    "0.0007437398": 0,
    "0.0008450854": 0,
    "0.000946431": 0,
    "0.0010477766": 2,
    "0.0011491222": 1,
    "0.0012504678": 2,
    "0.0013518134": 2,
    "0.001453159": 2
  },
  "latencyPercentiles": {
    "p10": 0.00101008,
    "p25": 0.001038292,
    "p50": 0.001233989,
    "p75": 0.001332252,
    "p90": 0.001453159,
    "p95": 0.001453159,
    "p99": 0.001453159,
    "p99.9": 0.001453159,
    "p99.99": 0.001453159
  },
  "rps": {
    "mean": 4137.591466631359,
    "stddev": null,
    "max": 4137.591466631359,
    "min": 4137.591466631359,
    "percentiles": {
      "p10": 4137.591466631359,
      "p25": 4137.591466631359,
      "p50": 4137.591466631359,
      "p75": 4137.591466631359,
      "p90": 4137.591466631359,
      "p95": 4137.591466631359,
      "p99": 4137.591466631359,
      "p99.9": 4137.591466631359,
      "p99.99": 4137.591466631359
    }
  },
  "details": {
    "DNSDialup": {
      "average": 0.0002748993,
      "fastest": 0.000108233,
      "slowest": 0.00054484
    },
    "DNSLookup": {
      "average": 3.6812000000000004e-6,
      "fastest": 1.754e-6,
      "slowest": 9.318e-6
    }
  },
  "statusCodeDistribution": {
    "200": 10
  },
  "errorDistribution": {}
}