{
  "summary": {
    "successRate": 1.0,
    "total": 0.010943642,
    "slowest": 0.009678224,
    "fastest": 0.003581968,
    "average": 0.007973129999999998,
    "requestsPerSec": 913.7725813764741,
    "totalData": 0,
    "sizePerRequest": 0,
    "sizePerSec": 0.0
  },
  "responseTimeHistogram": {
    "0.003581968": 1,
    "0.0041915936": 0,
    "0.0048012192": 0,
    "0.0054108448": 0,
    "0.0060204704": 0,
    "0.006630096": 2,
    "0.0072397215999999995": 0,
    "0.007849347199999999": 1,
    "0.008458972799999999": 1,
    "0.009068598399999999": 0,
    "0.009678224": 5
  },
  "latencyPercentiles": {
    "p10": 0.006234104,
    "p25": 0.006321217,
    "p50": 0.009407188,
    "p75": 0.009640564,
    "p90": 0.009678224,
    "p95": 0.009678224,
    "p99": 0.009678224,
    "p99.9": 0.009678224,
    "p99.99": 0.009678224
  },
  "rps": {
    "mean": 1796.940993106674,
    "stddev": 1764.7784204461805,
    "max": 3044.8277814958524,
    "min": 549.0542047174957,
    "percentiles": {
      "p10": 549.0542047174957,
      "p25": 549.0542047174957,
      "p50": 3044.8277814958524,
      "p75": 3044.8277814958524,
      "p90": 3044.8277814958524,
      "p95": 3044.8277814958524,
      "p99": 3044.8277814958524,
      "p99.9": 3044.8277814958524,
      "p99.99": 3044.8277814958524
    }
  },
  "details": {
    "DNSDialup": {
      "average": 0.0003140182,
      "fastest": 0.000121537,
      "slowest": 0.000561881
    },
    "DNSLookup": {
      "average": 3.7870000000000003e-6,
      "fastest": 1.142e-6,
      "slowest": 0.00001035
    }
  },
  "statusCodeDistribution": {
    "202": 10
  },
  "errorDistribution": {}
}