{
  "summary": {
    "successRate": 1.0,
    "total": 0.072670883,
    "slowest": 0.07135471,
    "fastest": 0.022226512,
    "average": 0.0544321321,
    "requestsPerSec": 137.60669455468155,
    "totalData": 0,
    "sizePerRequest": 0,
    "sizePerSec": 0.0
  },
  "responseTimeHistogram": {
    "0.022226512": 1,
    "0.0271393318": 1,
    "0.0320521516": 0,
    "0.036964971400000005": 0,
    "0.0418777912": 0,
    "0.046790610999999996": 1,
    "0.051703430800000005": 0,
    "0.0566162506": 1,
    "0.0615290704": 0,
    "0.0664418902": 3,
    "0.07135471": 3
  },
  "latencyPercentiles": {
    "p10": 0.023026798,
    "p25": 0.043395086,
    "p50": 0.065189026,
    "p75": 0.066849262,
    "p90": 0.07135471,
    "p95": 0.07135471,
    "p99": 0.07135471,
    "p99.9": 0.07135471,
    "p99.99": 0.07135471
  },
  "rps": {
    "mean": 341.94320555324384,
    "stddev": 439.09748426523055,
    "max": 1088.8893002470693,
    "min": 43.5937539915531,
    "percentiles": {
      "p10": 43.5937539915531,
      "p25": 48.33485225606548,
      "p50": 99.27237321329581,
      "p75": 675.74398060777,
      "p90": 1088.8893002470693,
      "p95": 1088.8893002470693,
      "p99": 1088.8893002470693,
      "p99.9": 1088.8893002470693,
      "p99.99": 1088.8893002470693
    }
  },
  "details": {
    "DNSDialup": {
      "average": 0.00022757879999999998,
      "fastest": 0.00008015,
      "slowest": 0.000511297
    },
    "DNSLookup": {
      "average": 3.8201999999999994e-6,
      "fastest": 1.072e-6,
      "slowest": 0.000011461
    }
  },
  "statusCodeDistribution": {
    "200": 10
  },
  "errorDistribution": {}
}