{
  "summary": {
    "successRate": 1.0,
    "total": 0.348380667,
    "slowest": 0.023256292,
    "fastest": 0.000321292,
    "average": 0.003460143001099996,
    "requestsPerSec": 28704.233464252484,
    "totalData": 20000,
    "sizePerRequest": 2,
    "sizePerSec": 57408.46692850497
  },
  "responseTimeHistogram": {
    "0.000321292": 1,
    "0.002614792": 5424,
    "0.004908292": 2531,
    "0.007201791999999999": 1010,
    "0.009495292": 493,
    "0.011788792000000001": 221,
    "0.014082292": 124,
    "0.016375792": 63,
    "0.018669292": 47,
    "0.020962792": 58,
    "0.023256292": 28
  },
  "latencyPercentiles": {
    "p10": 0.000926333,
    "p25": 0.001379333,
    "p50": 0.00238125,
    "p75": 0.004287,
    "p90": 0.007349667,
    "p95": 0.0097945,
    "p99": 0.01799625,
    "p99.9": 0.021942666,
    "p99.99": 0.022872167
  },
  "rps": {
    "mean": 28642.81859505704,
    "stddev": 6755.721827901283,
    "max": 48808.74652737766,
    "min": 3553.959935240388,
    "percentiles": {
      "p10": 24480.786595766087,
      "p25": 26224.036952270442,
      "p50": 28528.105022136024,
      "p75": 30608.40271906986,
      "p90": 37711.24818213733,
      "p95": 41526.9925451544,
      "p99": 48808.74652737766,
      "p99.9": 48808.74652737766,
      "p99.99": 48808.74652737766
    }
  },
  "details": {
    "DNSDialup": {
      "average": 0.0024324329399999993,
      "fastest": 0.000856083,
      "slowest": 0.003710708
    },
    "DNSLookup": {
      "average": 5.555109999999999e-6,
      "fastest": 3.75e-7,
      "slowest": 0.000169459
    }
  },
  "statusCodeDistribution": {
    "202": 10000
  },
  "errorDistribution": {}
}