{
  "summary": {
    "successRate": 1.0,
    "total": 3.8468245420000002,
    "slowest": 0.18644175,
    "fastest": 0.00465425,
    "average": 0.03826699071519999,
    "requestsPerSec": 2599.546688656849,
    "totalData": 20000,
    "sizePerRequest": 2,
    "sizePerSec": 5199.093377313698
  },
  "responseTimeHistogram": {
    "0.00465425": 1,
    "0.022833": 3514,
    "0.04101175": 2955,
    "0.0591905": 1693,
    "0.07736925": 894,
    "0.095548": 470,
    "0.11372675": 273,
    "0.1319055": 132,
    "0.15008425": 52,
    "0.168263": 12,
    "0.18644175": 4
  },
  "latencyPercentiles": {
    "p10": 0.011659375,
    "p25": 0.018091792,
    "p50": 0.030867167,
    "p75": 0.05034975,
    "p90": 0.076293875,
    "p95": 0.094322916,
    "p99": 0.126763833,
    "p99.9": 0.156186583,
    "p99.99": 0.182558875
  },
  "rps": {
    "mean": 2625.2189888892344,
    "stddev": 368.1682859246292,
    "max": 3665.8711217182795,
    "min": 23.121698958392898,
    "percentiles": {
      "p10": 2157.0512333102292,
      "p25": 2415.307008164233,
      "p50": 2635.725145770801,
      "p75": 2835.335367011374,
      "p90": 3066.3541344183395,
      "p95": 3245.1111799128116,
      "p99": 3507.3328713459873,
      "p99.9": 3665.8711217182795,
      "p99.99": 3665.8711217182795
    }
  },
  "details": {
    "DNSDialup": {
      "average": 0.0032774125000000006,
      "fastest": 0.000805416,
      "slowest": 0.004957375
    },
    "DNSLookup": {
      "average": 8.269619999999994e-6,
      "fastest": 4.16e-7,
      "slowest": 0.00018325
    }
  },
  "statusCodeDistribution": {
    "202": 10000
  },
  "errorDistribution": {}
}