{
  "summary": {
    "successRate": 1.0,
    "total": 0.300984625,
    "slowest": 0.016586292,
    "fastest": 0.000249792,
    "average": 0.0029806195664000036,
    "requestsPerSec": 33224.28844994989,
    "totalData": 20000,
    "sizePerRequest": 2,
    "sizePerSec": 66448.57689989978
  },
  "responseTimeHistogram": {
    "0.000249792": 1,
    "0.001883442": 4212,
    "0.003517092": 2832,
    "0.005150742": 1444,
    "0.006784392": 711,
    "0.008418042": 374,
    "0.010051692": 239,
    "0.011685342": 124,
    "0.013318992": 42,
    "0.014952642": 13,
    "0.016586292": 8
  },
  "latencyPercentiles": {
    "p10": 0.000862666,
    "p25": 0.001272625,
    "p50": 0.002227209,
    "p75": 0.003917583,
    "p90": 0.006213625,
    "p95": 0.007973083,
    "p99": 0.011032542,
    "p99.9": 0.014637792,
    "p99.99": 0.015977833
  },
  "rps": {
    "mean": 33116.261866568464,
    "stddev": 6841.8343662586185,
    "max": 38961.04026177819,
    "min": 3464.4909103831737,
    "percentiles": {
      "p10": 29975.58505437554,
      "p25": 33211.89982370683,
      "p50": 34511.44435611479,
      "p75": 36708.56410800634,
      "p90": 37840.56508577194,
      "p95": 38628.876090838225,
      "p99": 38961.04026177819,
      "p99.9": 38961.04026177819,
      "p99.99": 38961.04026177819
    }
  },
  "details": {
    "DNSDialup": {
      "average": 0.00213985667,
      "fastest": 0.00077075,
      "slowest": 0.002826042
    },
    "DNSLookup": {
      "average": 3.7270600000000017e-6,
      "fastest": 4.16e-7,
      "slowest": 0.000050167
    }
  },
  "statusCodeDistribution": {
    "202": 10000
  },
  "errorDistribution": {}
}