{
  "summary": {
    "successRate": 1.0,
    "total": 0.391285708,
    "slowest": 0.023956458,
    "fastest": 0.000367417,
    "average": 0.0038922619967000065,
    "requestsPerSec": 25556.772955274922,
    "totalData": 20000,
    "sizePerRequest": 2,
    "sizePerSec": 51113.545910549845
  },
  "responseTimeHistogram": {
    "0.000367417": 1,
    "0.0027263211000000003": 4921,
    "0.005085225200000001": 2770,
    "0.007444129300000001": 1150,
    "0.009803033400000001": 509,
    "0.012161937500000001": 273,
    "0.014520841600000002": 135,
    "0.0168797457": 105,
    "0.0192386498": 68,
    "0.0215975539": 45,
    "0.023956458": 23
  },
  "latencyPercentiles": {
    "p10": 0.001112667,
    "p25": 0.001629,
    "p50": 0.002780209,
    "p75": 0.004842,
    "p90": 0.008035959,
    "p95": 0.01098125,
    "p99": 0.01789925,
    "p99.9": 0.022456875,
    "p99.99": 0.023879167
  },
  "rps": {
    "mean": 25770.509944678965,
    "stddev": 4567.504038083924,
    "max": 38182.84375406771,
    "min": 3392.6767324986454,
    "percentiles": {
      "p10": 23067.237471669625,
      "p25": 25004.16819483805,
      "p50": 25951.469549557536,
      "p75": 28005.836416309172,
      "p90": 28312.15157545621,
      "p95": 31449.368331373124,
      "p99": 38182.84375406771,
      "p99.9": 38182.84375406771,
      "p99.99": 38182.84375406771
    }
  },
  "details": {
    "DNSDialup": {
      "average": 0.00264692086,
      "fastest": 0.000833292,
      "slowest": 0.00385825
    },
    "DNSLookup": {
      "average": 9.591299999999994e-6,
      "fastest": 4.17e-7,
      "slowest": 0.000186959
    }
  },
  "statusCodeDistribution": {
    "202": 10000
  },
  "errorDistribution": {}
}