{
  "summary": {
    "successRate": 1.0,
    "total": 20.374204834,
    "slowest": 1.412870292,
    "fastest": 0.0298665,
    "average": 0.20299271064660054,
    "requestsPerSec": 490.8167008958422,
    "totalData": 20000,
    "sizePerRequest": 2,
    "sizePerSec": 981.6334017916844
  },
  "responseTimeHistogram": {
    "0.0298665": 1,
    "0.16816687919999998": 6667,
    "0.3064672584": 1901,
    "0.4447676376": 511,
    "0.5830680168": 210,
    "0.7213683959999999": 203,
    "0.8596687752": 129,
    "0.9979691544": 147,
    "1.1362695336": 131,
    "1.2745699127999999": 67,
    "1.4128702919999998": 33
  },
  "latencyPercentiles": {
    "p10": 0.065391583,
    "p25": 0.088114291,
    "p50": 0.127183166,
    "p75": 0.207630166,
    "p90": 0.417353916,
    "p95": 0.725485,
    "p99": 1.136900041,
    "p99.9": 1.359879083,
    "p99.99": 1.404034292
  },
  "rps": {
    "mean": 514.1600450505921,
    "stddev": 295.0698093261503,
    "max": 3150.013072548545,
    "min": 31.817789446987412,
    "percentiles": {
      "p10": 154.08320493066003,
      "p25": 310.4344467996833,
      "p50": 487.48040633426297,
      "p75": 669.1045863997197,
      "p90": 876.7032151713563,
      "p95": 1029.3183843366244,
      "p99": 1346.3912770769168,
      "p99.9": 2376.425855514192,
      "p99.99": 3150.013072548545
    }
  },
  "details": {
    "DNSDialup": {
      "average": 0.0017298195300000008,
      "fastest": 0.000898583,
      "slowest": 0.003201583
    },
    "DNSLookup": {
      "average": 0.00006459454999999998,
      "fastest": 4.17e-7,
      "slowest": 0.001102834
    }
  },
  "statusCodeDistribution": {
    "202": 10000
  },
  "errorDistribution": {}
}