{
  "summary": {
    "successRate": 1.0,
    "total": 0.399100417,
    "slowest": 0.027906375,
    "fastest": 0.000302417,
    "average": 0.003970551809000004,
    "requestsPerSec": 25056.350667756884,
    "totalData": 20000,
    "sizePerRequest": 2,
    "sizePerSec": 50112.70133551377
  },
  "responseTimeHistogram": {
    "0.000302417": 1,
    "0.0030628128": 5506,
    "0.0058232086": 2461,
    "0.0085836044": 1005,
    "0.011344000199999999": 538,
    "0.014104395999999998": 251,
    "0.0168647918": 123,
    "0.0196251876": 73,
    "0.0223855834": 25,
    "0.025145979199999998": 6,
    "0.027906374999999997": 11
  },
  "latencyPercentiles": {
    "p10": 0.001139042,
    "p25": 0.001610708,
    "p50": 0.002756792,
    "p75": 0.004976916,
    "p90": 0.008667125,
    "p95": 0.011300833,
    "p99": 0.017277958,
    "p99.9": 0.025453209,
    "p99.99": 0.027329416
  },
  "rps": {
    "mean": 25269.748966011084,
    "stddev": 4259.839675075117,
    "max": 34530.599660860666,
    "min": 3610.817286426677,
    "percentiles": {
      "p10": 23113.25494925136,
      "p25": 24167.5701092684,
      "p50": 25110.463530153025,
      "p75": 26930.2965836566,
      "p90": 28804.08153835399,
      "p95": 29574.73939021307,
      "p99": 34530.599660860666,
      "p99.9": 34530.599660860666,
      "p99.99": 34530.599660860666
    }
  },
  "details": {
    "DNSDialup": {
      "average": 0.00212208205,
      "fastest": 0.000563292,
      "slowest": 0.002884667
    },
    "DNSLookup": {
      "average": 5.287069999999999e-6,
      "fastest": 4.16e-7,
      "slowest": 0.000173125
    }
  },
  "statusCodeDistribution": {
    "202": 10000
  },
  "errorDistribution": {}
}