{
  "summary": {
    "successRate": 1.0,
    "total": 8.365355,
    "slowest": 1.193776875,
    "fastest": 0.003274875,
    "average": 0.08298386438389996,
    "requestsPerSec": 1195.4065308645002,
    "totalData": 210000,
    "sizePerRequest": 21,
    "sizePerSec": 25103.537148154504
  },
  "responseTimeHistogram": {
    "0.003274875": 1,
    "0.12232507499999999": 7956,
    "0.241375275": 1492,
    "0.360425475": 324,
    "0.479475675": 147,
    "0.598525875": 55,
    "0.717576075": 13,
    "0.836626275": 9,
    "0.955676475": 1,
    "1.074726675": 1,
    "1.193776875": 1
  },
  "latencyPercentiles": {
    "p10": 0.013230542,
    "p25": 0.025813667,
    "p50": 0.055095792,
    "p75": 0.109209292,
    "p90": 0.177822542,
    "p95": 0.253650125,
    "p99": 0.454277875,
    "p99.9": 0.741132584,
    "p99.99": 0.999464792
  },
  "rps": {
    "mean": 1657.5827886330735,
    "stddev": 1704.0071261771689,
    "max": 13922.587880006618,
    "min": 8.009395020358893,
    "percentiles": {
      "p10": 65.89188788495171,
      "p25": 435.10775715548715,
      "p50": 1115.1049891623088,
      "p75": 2509.578307526398,
      "p90": 3807.5712089037884,
      "p95": 4814.463878716443,
      "p99": 7808.412783933747,
      "p99.9": 13922.587880006618,
      "p99.99": 13922.587880006618
    }
  },
  "details": {
    "DNSDialup": {
      "average": 0.0030428791900000006,
      "fastest": 0.000334666,
      "slowest": 0.004498541
    },
    "DNSLookup": {
      "average": 3.3196299999999995e-6,
      "fastest": 4.16e-7,
      "slowest": 0.000036042
    }
  },
  "statusCodeDistribution": {
    "200": 10000
  },
  "errorDistribution": {}
}