{
  "summary": {
    "successRate": 1.0,
    "total": 119.897516167,
    "slowest": 2.421583833,
    "fastest": 0.411436042,
    "average": 1.1959908184468997,
    "requestsPerSec": 83.40456349463851,
    "totalData": 140000,
    "sizePerRequest": 14,
    "sizePerSec": 1167.6638889249393
  },
  "responseTimeHistogram": {
    "0.411436042": 1,
    "0.6124508211": 23,
    "0.8134656002": 191,
    "1.0144803793000001": 1712,
    "1.2154951584": 3878,
    "1.4165099375": 2747,
    "1.6175247166000002": 1051,
    "1.8185394957": 296,
    "2.0195542748": 79,
    "2.2205690539000003": 17,
    "2.421583833": 5
  },
  "latencyPercentiles": {
    "p10": 0.944476625,
    "p25": 1.049673958,
    "p50": 1.176250958,
    "p75": 1.317745875,
    "p90": 1.477569792,
    "p95": 1.583572333,
    "p99": 1.823578208,
    "p99.9": 2.16360425,
    "p99.99": 2.292455792
  },
  "rps": {
    "mean": 558.7457175159373,
    "stddev": 2648.9761308925945,
    "max": 92669.81743083963,
    "min": 2.4284895787586662,
    "percentiles": {
      "p10": 33.31232768991134,
      "p25": 53.40477610661738,
      "p50": 95.34479059892412,
      "p75": 226.6759770049235,
      "p90": 452.07118674564623,
      "p95": 810.0855652861093,
      "p99": 14362.657092646172,
      "p99.9": 27118.64406833337,
      "p99.99": 92669.81743083963
    }
  },
  "details": {
    "DNSDialup": {
      "average": 0.0007090670563999986,
      "fastest": 0.000054167,
      "slowest": 0.010698542
    },
    "DNSLookup": {
      "average": 4.354600100000017e-6,
      "fastest": 4.58e-7,
      "slowest": 0.000089542
    }
  },
  "statusCodeDistribution": {
    "202": 10000
  },
  "errorDistribution": {}
}