{
  "summary": {
    "successRate": 1.0,
    "total": 0.338974625,
    "slowest": 0.009567667,
    "fastest": 0.002388875,
    "average": 0.003374969573599994,
    "requestsPerSec": 29500.733277601532,
    "totalData": 140000,
    "sizePerRequest": 14,
    "sizePerSec": 413010.2658864215
  },
  "responseTimeHistogram": {
    "0.002388875": 1,
    "0.0031067542": 3254,
    "0.0038246334": 5944,
    "0.0045425126": 301,
    "0.0052603918": 108,
    "0.005978271": 66,
    "0.006696150200000001": 28,
    "0.007414029399999999": 34,
    "0.0081319086": 30,
    "0.0088497878": 176,
    "0.009567667": 58
  },
  "latencyPercentiles": {
    "p10": 0.002983875,
    "p25": 0.003083625,
    "p50": 0.00315,
    "p75": 0.0032325,
    "p90": 0.003578959,
    "p95": 0.004556417,
    "p99": 0.008633083,
    "p99.9": 0.009216792,
    "p99.99": 0.00951575
  },
  "rps": {
    "mean": 29411.35395414131,
    "stddev": 6171.584672829465,
    "max": 35199.61348812976,
    "min": 9701.373714517977,
    "percentiles": {
      "p10": 20962.537538237822,
      "p25": 30040.692579627554,
      "p50": 31215.857655689066,
      "p75": 32116.459685588863,
      "p90": 34323.5974732629,
      "p95": 34969.999846928375,
      "p99": 35199.61348812976,
      "p99.9": 35199.61348812976,
      "p99.99": 35199.61348812976
    }
  },
  "details": {
    "DNSDialup": {
      "average": 0.0017107781590000011,
      "fastest": 0.000609833,
      "slowest": 0.005244083
    },
    "DNSLookup": {
      "average": 6.955854999999988e-7,
      "fastest": 4.16e-7,
      "slowest": 0.000121125
    }
  },
  "statusCodeDistribution": {
    "202": 10000
  },
  "errorDistribution": {}
}