{
  "summary": {
    "successRate": 1.0,
    "total": 88.494753917,
    "slowest": 9.024526625,
    "fastest": 0.120938208,
    "average": 0.8822644369851991,
    "requestsPerSec": 113.00104873311572,
    "totalData": 210000,
    "sizePerRequest": 21,
    "sizePerSec": 2373.02202339543
  },
  "responseTimeHistogram": {
    "0.120938208": 1,
    "1.0112970497": 6638,
    "1.9016558914000001": 2343,
    "2.7920147331000003": 752,
    "3.6823735748": 208,
    "4.5727324165": 48,
    "5.4630912582": 6,
    "6.3534500999": 3,
    "7.2438089416": 0,
    "8.1341677833": 0,
    "9.024526625": 1
  },
  "latencyPercentiles": {
    "p10": 0.238431208,
    "p25": 0.330998959,
    "p50": 0.544537667,
    "p75": 1.315321458,
    "p90": 1.916277208,
    "p95": 2.411738083,
    "p99": 3.3831775,
    "p99.9": 4.656793209,
    "p99.99": 6.080475833
  },
  "rps": {
    "mean": null,
    "stddev": null,
    "max": null,
    "min": 2.7434400062824853,
    "percentiles": {
      "p10": 41.672380991906415,
      "p25": 67.264196949571,
      "p50": 112.95020398240945,
      "p75": 273.1121125222081,
      "p90": 525.1778672400463,
      "p95": 1127.5546159267678,
      "p99": 3489.8897892642194,
      "p99.9": 25613.441934880528,
      "p99.99": null
    }
  },
  "details": {
    "DNSDialup": {
      "average": 0.0031012520000000005,
      "fastest": 0.000773042,
      "slowest": 0.004580292
    },
    "DNSLookup": {
      "average": 3.889139999999999e-6,
      "fastest": 4.16e-7,
      "slowest": 0.000054208
    }
  },
  "statusCodeDistribution": {
    "200": 10000
  },
  "errorDistribution": {}
}