{
  "summary": {
    "successRate": 1.0,
    "total": 0.413727959,
    "slowest": 0.025556417,
    "fastest": 0.000410625,
    "average": 0.004120213622000018,
    "requestsPerSec": 24170.4718824671,
    "totalData": 140000,
    "sizePerRequest": 14,
    "sizePerSec": 338386.6063545394
  },
  "responseTimeHistogram": {
    "0.000410625": 1,
    "0.0029252042": 2174,
    "0.0054397834": 6122,
    "0.007954362599999999": 1239,
    "0.0104689418": 397,
    "0.012983521": 47,
    "0.015498100199999998": 8,
    "0.018012679400000002": 9,
    "0.0205272586": 0,
    "0.0230418378": 2,
    "0.025556417": 1
  },
  "latencyPercentiles": {
    "p10": 0.002442916,
    "p25": 0.003030125,
    "p50": 0.003668292,
    "p75": 0.004735,
    "p90": 0.006547167,
    "p95": 0.007870958,
    "p99": 0.010048083,
    "p99.9": 0.016011292,
    "p99.99": 0.022987334
  },
  "rps": {
    "mean": 24209.67742276862,
    "stddev": 5709.708826517676,
    "max": 32313.4238268492,
    "min": 6505.990716251525,
    "percentiles": {
      "p10": 17442.51613307438,
      "p25": 20125.408328014077,
      "p50": 24579.1938584138,
      "p75": 28901.032228464162,
      "p90": 31037.17679390595,
      "p95": 31382.246591867937,
      "p99": 32313.4238268492,
      "p99.9": 32313.4238268492,
      "p99.99": 32313.4238268492
    }
  },
  "details": {
    "DNSDialup": {
      "average": 0.0009476020444000012,
      "fastest": 0.000022666,
      "slowest": 0.007250417
    },
    "DNSLookup": {
      "average": 7.911821000000015e-7,
      "fastest": 4.16e-7,
      "slowest": 0.000114417
    }
  },
  "statusCodeDistribution": {
    "202": 10000
  },
  "errorDistribution": {}
}