{
  "summary": {
    "successRate": 1.0,
    "total": 0.101153666,
    "slowest": 0.007329917,
    "fastest": 0.000072959,
    "average": 0.0009988997814999972,
    "requestsPerSec": 98859.49165698058,
    "totalData": 210000,
    "sizePerRequest": 21,
    "sizePerSec": 2076049.3247965921
  },
  "responseTimeHistogram": {
    "0.000072959": 1,
    "0.0007986548": 5662,
    "0.0015243506": 3212,
    "0.0022500464": 358,
    "0.0029757422": 636,
    "0.003701438": 29,
    "0.0044271338": 7,
    "0.0051528296": 8,
    "0.0058785254": 4,
    "0.0066042212000000005": 13,
    "0.007329917": 70
  },
  "latencyPercentiles": {
    "p10": 0.00068075,
    "p25": 0.000737459,
    "p50": 0.000784583,
    "p75": 0.000855708,
    "p90": 0.001862083,
    "p95": 0.002408166,
    "p99": 0.004166834,
    "p99.9": 0.007140708,
    "p99.99": 0.007269375
  },
  "rps": {
    "mean": 102222.34093295061,
    "stddev": 44697.1454806882,
    "max": 140885.08344344902,
    "min": 15811.20065454368,
    "percentiles": {
      "p10": 39891.2512372051,
      "p25": 46332.237971180344,
      "p50": 124813.3804748233,
      "p75": 128852.59473902083,
      "p90": 130185.15410930294,
      "p95": 140885.08344344902,
      "p99": 140885.08344344902,
      "p99.9": 140885.08344344902,
      "p99.99": 140885.08344344902
    }
  },
  "details": {
    "DNSDialup": {
      "average": 0.0024450178400000004,
      "fastest": 0.000345208,
      "slowest": 0.003553958
    },
    "DNSLookup": {
      "average": 4.962420000000004e-6,
      "fastest": 4.58e-7,
      "slowest": 0.000090416
    }
  },
  "statusCodeDistribution": {
    "200": 10000
  },
  "errorDistribution": {}
}