{
  "summary": {
    "successRate": 1.0,
    "total": 0.354215292,
    "slowest": 0.008449083,
    "fastest": 0.001809292,
    "average": 0.0035260736824999995,
    "requestsPerSec": 28231.41808344062,
    "totalData": 140000,
    "sizePerRequest": 14,
    "sizePerSec": 395239.8531681687
  },
  "responseTimeHistogram": {
    "0.001809292": 1,
    "0.0024732711": 54,
    "0.0031372502": 672,
    "0.0038012293": 8013,
    "0.0044652084": 812,
    "0.0051291875": 88,
    "0.0057931666": 34,
    "0.0064571457": 26,
    "0.0071211248": 0,
    "0.0077851039": 0,
    "0.008449083": 300
  },
  "latencyPercentiles": {
    "p10": 0.003156917,
    "p25": 0.003224875,
    "p50": 0.00330125,
    "p75": 0.003425834,
    "p90": 0.003930458,
    "p95": 0.004199083,
    "p99": 0.008297583,
    "p99.9": 0.008384083,
    "p99.99": 0.008447083
  },
  "rps": {
    "mean": 28275.928604076104,
    "stddev": 6270.658111271275,
    "max": 43953.67153744476,
    "min": 11740.1124421812,
    "percentiles": {
      "p10": 13808.180076342665,
      "p25": 27912.326083198335,
      "p50": 29930.930623706514,
      "p75": 30688.319638118453,
      "p90": 31716.10470446945,
      "p95": 34735.90422528143,
      "p99": 43953.67153744476,
      "p99.9": 43953.67153744476,
      "p99.99": 43953.67153744476
    }
  },
  "details": {
    "DNSDialup": {
      "average": 0.0017739750282999948,
      "fastest": 0.000044958,
      "slowest": 0.004827834
    },
    "DNSLookup": {
      "average": 6.941589000000005e-7,
      "fastest": 4.16e-7,
      "slowest": 0.000134417
    }
  },
  "statusCodeDistribution": {
    "202": 10000
  },
  "errorDistribution": {}
}