{
  "summary": {
    "successRate": 1.0,
    "total": 12.571982791,
    "slowest": 0.676104625,
    "fastest": 0.009298666,
    "average": 0.1250191331666997,
    "requestsPerSec": 795.4194788716045,
    "totalData": 140000,
    "sizePerRequest": 14,
    "sizePerSec": 11135.872704202464
  },
  "responseTimeHistogram": {
    "0.009298666": 1,
    "0.0759792619": 3057,
    "0.1426598578": 3621,
    "0.2093404537": 2025,
    "0.2760210496": 823,
    "0.3427016455": 276,
    "0.4093822414": 95,
    "0.47606283730000004": 54,
    "0.5427434332": 36,
    "0.6094240290999999": 6,
    "0.6761046249999999": 6
  },
  "latencyPercentiles": {
    "p10": 0.040988167,
    "p25": 0.06704525,
    "p50": 0.1079505,
    "p75": 0.165846917,
    "p90": 0.225562625,
    "p95": 0.272136708,
    "p99": 0.410625083,
    "p99.9": 0.577562666,
    "p99.99": 0.663385208
  },
  "rps": {
    "mean": 1158.1385146939713,
    "stddev": 2486.6354895361787,
    "max": 40046.50248411436,
    "min": 4.885033783061728,
    "percentiles": {
      "p10": 114.84901259709795,
      "p25": 440.43162299053984,
      "p50": 830.2379295857767,
      "p75": 1265.0100631550272,
      "p90": 1661.5608287033174,
      "p95": 2531.2208837688886,
      "p99": 8683.23007775014,
      "p99.9": 36445.380037842646,
      "p99.99": 40046.50248411436
    }
  },
  "details": {
    "DNSDialup": {
      "average": 0.0009428228866999994,
      "fastest": 0.000028166,
      "slowest": 0.010692083
    },
    "DNSLookup": {
      "average": 2.718265199999997e-6,
      "fastest": 4.17e-7,
      "slowest": 0.000925958
    }
  },
  "statusCodeDistribution": {
    "202": 10000
  },
  "errorDistribution": {}
}