{
  "summary": {
    "successRate": 1.0,
    "total": 0.370672292,
    "slowest": 0.01063225,
    "fastest": 0.001603541,
    "average": 0.003688158196999993,
    "requestsPerSec": 26978.007840952945,
    "totalData": 140000,
    "sizePerRequest": 14,
    "sizePerSec": 377692.1097733412
  },
  "responseTimeHistogram": {
    "0.001603541": 1,
    "0.0025064119": 31,
    "0.0034092828": 3439,
    "0.0043121537": 5943,
    "0.0052150246": 156,
    "0.0061178955": 89,
    "0.0070207664": 80,
    "0.0079236373": 49,
    "0.0088265082": 111,
    "0.0097293791": 1,
    "0.01063225": 100
  },
  "latencyPercentiles": {
    "p10": 0.003292834,
    "p25": 0.00337175,
    "p50": 0.003457166,
    "p75": 0.00357,
    "p90": 0.004062667,
    "p95": 0.004492,
    "p99": 0.010018667,
    "p99.9": 0.010608417,
    "p99.99": 0.010630083
  },
  "rps": {
    "mean": 26884.67139964848,
    "stddev": 5032.931160560145,
    "max": 30829.170969905066,
    "min": 9812.919690063936,
    "percentiles": {
      "p10": 22007.545947354436,
      "p25": 26817.431330364732,
      "p50": 28430.37351016548,
      "p75": 29453.753099406465,
      "p90": 30265.324334175457,
      "p95": 30782.747282183867,
      "p99": 30829.170969905066,
      "p99.9": 30829.170969905066,
      "p99.99": 30829.170969905066
    }
  },
  "details": {
    "DNSDialup": {
      "average": 0.0018303949467999962,
      "fastest": 0.000060542,
      "slowest": 0.0067515
    },
    "DNSLookup": {
      "average": 6.975887000000001e-7,
      "fastest": 4.16e-7,
      "slowest": 0.000045916
    }
  },
  "statusCodeDistribution": {
    "202": 10000
  },
  "errorDistribution": {}
}