{
  "summary": {
    "successRate": 1.0,
    "total": 0.096645375,
    "slowest": 0.007436333,
    "fastest": 0.000273833,
    "average": 0.0009522153132000021,
    "requestsPerSec": 103471.06625640388,
    "totalData": 210000,
    "sizePerRequest": 21,
    "sizePerSec": 2172892.3913844815
  },
  "responseTimeHistogram": {
    "0.000273833": 1,
    "0.0009900830000000001": 8818,
    "0.001706333": 252,
    "0.002422583": 554,
    "0.0031388329999999997": 258,
    "0.0038550829999999996": 16,
    "0.004571333": 7,
    "0.005287583": 11,
    "0.006003833": 6,
    "0.006720083": 32,
    "0.007436333": 45
  },
  "latencyPercentiles": {
    "p10": 0.000685292,
    "p25": 0.000723125,
    "p50": 0.000760167,
    "p75": 0.000803709,
    "p90": 0.001217125,
    "p95": 0.002380292,
    "p99": 0.0041345,
    "p99.9": 0.007139333,
    "p99.99": 0.007279
  },
  "rps": {
    "mean": 104301.206225301,
    "stddev": 44500.43612621331,
    "max": 133328.32475614504,
    "min": 15001.125084381329,
    "percentiles": {
      "p10": 43752.28929054096,
      "p25": 68814.91219147189,
      "p50": 130197.85408275972,
      "p75": 131268.3792064052,
      "p90": 133328.32475614504,
      "p95": 133328.32475614504,
      "p99": 133328.32475614504,
      "p99.9": 133328.32475614504,
      "p99.99": 133328.32475614504
    }
  },
  "details": {
    "DNSDialup": {
      "average": 0.0023328249700000003,
      "fastest": 0.0003625,
      "slowest": 0.003560292
    },
    "DNSLookup": {
      "average": 4.678720000000001e-6,
      "fastest": 4.16e-7,
      "slowest": 0.000075792
    }
  },
  "statusCodeDistribution": {
    "200": 10000
  },
  "errorDistribution": {}
}