{
  "summary": {
    "successRate": 1.0,
    "total": 0.23173775,
    "slowest": 0.0258675,
    "fastest": 0.000219125,
    "average": 0.0023006235610000055,
    "requestsPerSec": 43152.22703249686,
    "totalData": 210000,
    "sizePerRequest": 21,
    "sizePerSec": 906196.7676824342
  },
  "responseTimeHistogram": {
    "0.000219125": 1,
    "0.0027839625000000002": 7485,
    "0.0053488": 1691,
    "0.007913637500000001": 399,
    "0.010478475000000001": 172,
    "0.013043312500000001": 156,
    "0.015608150000000001": 75,
    "0.0181729875": 14,
    "0.020737825": 3,
    "0.0233026625": 2,
    "0.0258675": 2
  },
  "latencyPercentiles": {
    "p10": 0.000504792,
    "p25": 0.00080275,
    "p50": 0.001479375,
    "p75": 0.002794833,
    "p90": 0.004885125,
    "p95": 0.007088083,
    "p99": 0.012981542,
    "p99.9": 0.017761042,
    "p99.99": 0.025437459
  },
  "rps": {
    "mean": 43133.972111853895,
    "stddev": 4814.4191760015565,
    "max": 50273.84582771076,
    "min": 23565.462620503822,
    "percentiles": {
      "p10": 40211.88821826201,
      "p25": 42113.67272505888,
      "p50": 43615.44859189119,
      "p75": 45981.81083784269,
      "p90": 46477.4639892308,
      "p95": 46603.77356514574,
      "p99": 50273.84582771076,
      "p99.9": 50273.84582771076,
      "p99.99": 50273.84582771076
    }
  },
  "details": {
    "DNSDialup": {
      "average": 0.00234938956,
      "fastest": 0.000274959,
      "slowest": 0.002979375
    },
    "DNSLookup": {
      "average": 3.72871e-6,
      "fastest": 4.16e-7,
      "slowest": 0.000051833
    }
  },
  "statusCodeDistribution": {
    "200": 10000
  },
  "errorDistribution": {}
}