{
  "summary": {
    "successRate": 1.0,
    "total": 0.128893875,
    "slowest": 0.0076205,
    "fastest": 0.000083208,
    "average": 0.0012742619640000031,
    "requestsPerSec": 77583.20556349168,
    "totalData": 210000,
    "sizePerRequest": 21,
    "sizePerSec": 1629247.3168333252
  },
  "responseTimeHistogram": {
    "0.000083208": 1,
    "0.0008369371999999999": 3570,
    "0.0015906663999999998": 3782,
    "0.0023443955999999998": 1735,
    "0.0030981247999999997": 596,
    "0.0038518539999999996": 197,
    "0.0046055832": 27,
    "0.0053593124": 15,
    "0.0061130416": 56,
    "0.0068667708": 5,
    "0.0076205": 16
  },
  "latencyPercentiles": {
    "p10": 0.000552958,
    "p25": 0.000748167,
    "p50": 0.0010065,
    "p75": 0.001657333,
    "p90": 0.002305583,
    "p95": 0.002648875,
    "p99": 0.004395459,
    "p99.9": 0.007157709,
    "p99.99": 0.007516833
  },
  "rps": {
    "mean": 77617.22945930288,
    "stddev": 22751.85539223494,
    "max": 97622.77539349935,
    "min": 21382.14163530619,
    "percentiles": {
      "p10": 40350.77741830319,
      "p25": 78974.0381607757,
      "p50": 84251.25003539654,
      "p75": 93173.3740320502,
      "p90": 96400.40488170061,
      "p95": 97622.77539349935,
      "p99": 97622.77539349935,
      "p99.9": 97622.77539349935,
      "p99.99": 97622.77539349935
    }
  },
  "details": {
    "DNSDialup": {
      "average": 0.0023232837999999996,
      "fastest": 0.000364959,
      "slowest": 0.003391959
    },
    "DNSLookup": {
      "average": 7.820460000000001e-6,
      "fastest": 4.16e-7,
      "slowest": 0.000143458
    }
  },
  "statusCodeDistribution": {
    "200": 10000
  },
  "errorDistribution": {}
}