{
  "summary": {
    "successRate": 1.0,
    "total": 0.173130458,
    "slowest": 0.012972958,
    "fastest": 0.00037025,
    "average": 0.001712543674399995,
    "requestsPerSec": 57759.91189256832,
    "totalData": 20000,
    "sizePerRequest": 2,
    "sizePerSec": 115519.82378513664
  },
  "responseTimeHistogram": {
    "0.00037025": 1,
    "0.0016305207999999997": 6707,
    "0.0028907915999999995": 2202,
    "0.0041510624": 586,
    "0.005411333199999999": 247,
    "0.0066716039999999985": 137,
    "0.007931874799999999": 21,
    "0.0091921456": 34,
    "0.0104524164": 32,
    "0.011712687199999999": 27,
    "0.012972957999999998": 6
  },
  "latencyPercentiles": {
    "p10": 0.000848791,
    "p25": 0.0009775,
    "p50": 0.001291542,
    "p75": 0.001882917,
    "p90": 0.003054333,
    "p95": 0.004155,
    "p99": 0.007268958,
    "p99.9": 0.011390333,
    "p99.99": 0.012657083
  },
  "rps": {
    "mean": 57747.43363399073,
    "stddev": 18401.24192119637,
    "max": 71803.88459015632,
    "min": 3708.3285350568844,
    "percentiles": {
      "p10": 22355.462119122592,
      "p25": 57732.7674941891,
      "p50": 66055.3213316152,
      "p75": 66819.2105230254,
      "p90": 71495.3247164445,
      "p95": 71803.88459015632,
      "p99": 71803.88459015632,
      "p99.9": 71803.88459015632,
      "p99.99": 71803.88459015632
    }
  },
  "details": {
    "DNSDialup": {
      "average": 0.0021737078899999995,
      "fastest": 0.000325917,
      "slowest": 0.003175375
    },
    "DNSLookup": {
      "average": 4.111690000000002e-6,
      "fastest": 4.17e-7,
      "slowest": 0.000070709
    }
  },
  "statusCodeDistribution": {
    "202": 10000
  },
  "errorDistribution": {}
}