{
  "summary": {
    "successRate": 1.0,
    "total": 0.142828833,
    "slowest": 0.021181417,
    "fastest": 0.0002235,
    "average": 0.001385831082099998,
    "requestsPerSec": 70013.87457951155,
    "totalData": 20000,
    "sizePerRequest": 2,
    "sizePerSec": 140027.7491590231
  },
  "responseTimeHistogram": {
    "0.0002235": 1,
    "0.0023192917": 8865,
    "0.0044150833999999995": 834,
    "0.006510875099999999": 128,
    "0.0086066668": 61,
    "0.0107024585": 30,
    "0.012798250199999998": 35,
    "0.014894041899999998": 21,
    "0.0169898336": 12,
    "0.0190856253": 7,
    "0.021181417": 6
  },
  "latencyPercentiles": {
    "p10": 0.000447792,
    "p25": 0.000608208,
    "p50": 0.000934417,
    "p75": 0.001640542,
    "p90": 0.002465541,
    "p95": 0.0034365,
    "p99": 0.009242167,
    "p99.9": 0.017738541,
    "p99.99": 0.020322958
  },
  "rps": {
    "mean": 69009.56364075468,
    "stddev": 27521.093922345874,
    "max": 87464.50507249092,
    "min": 6353.208117988151,
    "percentiles": {
      "p10": 25650.338789875128,
      "p25": 48663.11079909039,
      "p50": 85637.82622784482,
      "p75": 86427.37154856946,
      "p90": 87028.72418594336,
      "p95": 87464.50507249092,
      "p99": 87464.50507249092,
      "p99.9": 87464.50507249092,
      "p99.99": 87464.50507249092
    }
  },
  "details": {
    "DNSDialup": {
      "average": 0.0022113550800000013,
      "fastest": 0.001295333,
      "slowest": 0.002970583
    },
    "DNSLookup": {
      "average": 0.000046275060000000045,
      "fastest": 4.58e-7,
      "slowest": 0.000500709
    }
  },
  "statusCodeDistribution": {
    "202": 10000
  },
  "errorDistribution": {}
}