{
  "summary": {
    "successRate": 1.0,
    "total": 0.155750959,
    "slowest": 0.014229917,
    "fastest": 0.000352792,
    "average": 0.001538688400499997,
    "requestsPerSec": 64205.06213383893,
    "totalData": 20000,
    "sizePerRequest": 2,
    "sizePerSec": 128410.12426767786
  },
  "responseTimeHistogram": {
    "0.000352792": 1,
    "0.0017405045": 7869,
    "0.003128217": 1238,
    "0.004515929500000001": 418,
    "0.005903642000000001": 254,
    "0.0072913545000000005": 108,
    "0.008679067": 47,
    "0.0100667795": 31,
    "0.011454492": 25,
    "0.012842204500000001": 6,
    "0.014229917": 3
  },
  "latencyPercentiles": {
    "p10": 0.000721875,
    "p25": 0.000802458,
    "p50": 0.001091334,
    "p75": 0.001593916,
    "p90": 0.002890375,
    "p95": 0.004387709,
    "p99": 0.007704458,
    "p99.9": 0.011452584,
    "p99.99": 0.01382575
  },
  "rps": {
    "mean": 64265.09920829439,
    "stddev": 23999.260367321272,
    "max": 80121.36035467059,
    "min": 4816.717864363633,
    "percentiles": {
      "p10": 21750.521110530066,
      "p25": 73200.91501143765,
      "p50": 74721.10797180065,
      "p75": 76039.92095850324,
      "p90": 79201.98004950133,
      "p95": 80121.36035467059,
      "p99": 80121.36035467059,
      "p99.9": 80121.36035467059,
      "p99.99": 80121.36035467059
    }
  },
  "details": {
    "DNSDialup": {
      "average": 0.0023302337599999997,
      "fastest": 0.000322625,
      "slowest": 0.003367625
    },
    "DNSLookup": {
      "average": 3.0304400000000018e-6,
      "fastest": 4.58e-7,
      "slowest": 0.000029916
    }
  },
  "statusCodeDistribution": {
    "202": 10000
  },
  "errorDistribution": {}
}