{
  "summary": {
    "successRate": 1.0,
    "total": 5.845040708,
    "slowest": 0.339127083,
    "fastest": 0.007065292,
    "average": 0.05783428557720025,
    "requestsPerSec": 1710.85207093822,
    "totalData": 20000,
    "sizePerRequest": 2,
    "sizePerSec": 3421.70414187644
  },
  "responseTimeHistogram": {
    "0.007065292": 1,
    "0.0402714711": 4867,
    "0.0734776502": 2648,
    "0.10668382929999999": 1139,
    "0.1398900084": 567,
    "0.1730961875": 353,
    "0.20630236659999998": 212,
    "0.23950854569999996": 141,
    "0.2727147248": 47,
    "0.3059209039": 16,
    "0.339127083": 9
  },
  "latencyPercentiles": {
    "p10": 0.017221375,
    "p25": 0.023946084,
    "p50": 0.041442917,
    "p75": 0.073085875,
    "p90": 0.123953166,
    "p95": 0.165237166,
    "p99": 0.229397625,
    "p99.9": 0.303015292,
    "p99.99": 0.326257834
  },
  "rps": {
    "mean": 1797.7075757689274,
    "stddev": 760.286999253017,
    "max": 7242.159715483746,
    "min": 23.68372768989891,
    "percentiles": {
      "p10": 975.9867012052142,
      "p25": 1326.9481947176046,
      "p50": 1749.8562029931638,
      "p75": 2153.5845848682457,
      "p90": 2677.7835255453847,
      "p95": 3071.1744683030493,
      "p99": 4229.335729956845,
      "p99.9": 7242.159715483746,
      "p99.99": 7242.159715483746
    }
  },
  "details": {
    "DNSDialup": {
      "average": 0.002567597530000001,
      "fastest": 0.000491,
      "slowest": 0.003703167
    },
    "DNSLookup": {
      "average": 3.46504e-6,
      "fastest": 4.17e-7,
      "slowest": 0.000092625
    }
  },
  "statusCodeDistribution": {
    "202": 10000
  },
  "errorDistribution": {}
}