{
  "summary": {
    "successRate": 1.0,
    "total": 16.211945917,
    "slowest": 0.854063583,
    "fastest": 0.019399459,
    "average": 0.1611832880684,
    "requestsPerSec": 616.8290994305567,
    "totalData": 20000,
    "sizePerRequest": 2,
    "sizePerSec": 1233.6581988611133
  },
  "responseTimeHistogram": {
    "0.019399459": 1,
    "0.1028658714": 4413,
    "0.1863322838": 3247,
    "0.2697986962": 1123,
    "0.3532651086": 382,
    "0.43673152099999996": 140,
    "0.5201979334": 56,
    "0.6036643458": 192,
    "0.6871307581999999": 280,
    "0.7705971705999999": 131,
    "0.8540635829999998": 35
  },
  "latencyPercentiles": {
    "p10": 0.053599458,
    "p25": 0.076293125,
    "p50": 0.112265583,
    "p75": 0.179571125,
    "p90": 0.298688625,
    "p95": 0.581129542,
    "p99": 0.72551825,
    "p99.9": 0.816061,
    "p99.99": 0.851858667
  },
  "rps": {
    "mean": 628.0870656745077,
    "stddev": 313.5536802320912,
    "max": 2146.229482582978,
    "min": 28.436591193204773,
    "percentiles": {
      "p10": 231.37661217437682,
      "p25": 410.6705767981036,
      "p50": 603.3359045497929,
      "p75": 826.8805641310122,
      "p90": 1038.2756421960396,
      "p95": 1168.321789201361,
      "p99": 1430.7369511425466,
      "p99.9": 2087.2103265145197,
      "p99.99": 2146.229482582978
    }
  },
  "details": {
    "DNSDialup": {
      "average": 0.0016215303399999997,
      "fastest": 0.000317458,
      "slowest": 0.002235875
    },
    "DNSLookup": {
      "average": 4.927889999999999e-6,
      "fastest": 4.16e-7,
      "slowest": 0.000110625
    }
  },
  "statusCodeDistribution": {
    "202": 10000
  },
  "errorDistribution": {}
}