{
  "summary": {
    "successRate": 1.0,
    "total": 0.151848416,
    "slowest": 0.017168333,
    "fastest": 0.000466292,
    "average": 0.0014988718930999964,
    "requestsPerSec": 65855.14859766465,
    "totalData": 20000,
    "sizePerRequest": 2,
    "sizePerSec": 131710.2971953293
  },
  "responseTimeHistogram": {
    "0.000466292": 1,
    "0.0021364961": 8461,
    "0.0038067002": 1123,
    "0.0054769043": 263,
    "0.0071471084": 30,
    "0.0088173125": 33,
    "0.0104875166": 54,
    "0.012157720700000001": 20,
    "0.0138279248": 8,
    "0.0154981289": 3,
    "0.017168333": 4
  },
  "latencyPercentiles": {
    "p10": 0.000732792,
    "p25": 0.000814375,
    "p50": 0.001105083,
    "p75": 0.00160425,
    "p90": 0.0027305,
    "p95": 0.003559208,
    "p99": 0.008614875,
    "p99.9": 0.012937333,
    "p99.99": 0.017125583
  },
  "rps": {
    "mean": 65419.28350319783,
    "stddev": 24149.853711914235,
    "max": 82144.83465075253,
    "min": 3557.6330272234263,
    "percentiles": {
      "p10": 20248.511383572764,
      "p25": 74160.56693501589,
      "p50": 76544.01280736415,
      "p75": 77856.44592329432,
      "p90": 81529.94464016105,
      "p95": 82144.83465075253,
      "p99": 82144.83465075253,
      "p99.9": 82144.83465075253,
      "p99.99": 82144.83465075253
    }
  },
  "details": {
    "DNSDialup": {
      "average": 0.0019750732899999996,
      "fastest": 0.00033075,
      "slowest": 0.002778292
    },
    "DNSLookup": {
      "average": 6.045790000000001e-6,
      "fastest": 4.17e-7,
      "slowest": 0.0001395
    }
  },
  "statusCodeDistribution": {
    "202": 10000
  },
  "errorDistribution": {}
}