{
  "summary": {
    "successRate": 1.0,
    "total": 0.092068917,
    "slowest": 0.006188792,
    "fastest": 0.000542833,
    "average": 0.0009050514622999988,
    "requestsPerSec": 108614.28944580721,
    "totalData": 0,
    "sizePerRequest": 0,
    "sizePerSec": 0.0
  },
  "responseTimeHistogram": {
    "0.000542833": 1,
    "0.0011074289": 8812,
    "0.0016720248": 54,
    "0.0022366206999999997": 466,
    "0.0028012166": 560,
    "0.0033658125": 7,
    "0.0039304084": 0,
    "0.0044950043": 0,
    "0.0050596002": 19,
    "0.0056241961": 47,
    "0.006188792": 34
  },
  "latencyPercentiles": {
    "p10": 0.000626958,
    "p25": 0.000654417,
    "p50": 0.000690583,
    "p75": 0.000742666,
    "p90": 0.002138875,
    "p95": 0.002249584,
    "p99": 0.004660167,
    "p99.9": 0.005978708,
    "p99.99": 0.006154666
  },
  "rps": {
    "mean": 111215.55326160908,
    "stddev": 51716.51121424523,
    "max": 153414.71247092602,
    "min": 22579.96921898596,
    "percentiles": {
      "p10": 43146.922277977304,
      "p25": 46549.03734982154,
      "p50": 142562.54818296302,
      "p75": 146786.5363303686,
      "p90": 153414.71247092602,
      "p95": 153414.71247092602,
      "p99": 153414.71247092602,
      "p99.9": 153414.71247092602,
      "p99.99": 153414.71247092602
    }
  },
  "details": {
    "DNSDialup": {
      "average": 0.0023241121099999997,
      "fastest": 0.000387042,
      "slowest": 0.003215584
    },
    "DNSLookup": {
      "average": 6.819180000000001e-6,
      "fastest": 4.17e-7,
      "slowest": 0.000104167
    }
  },
  "statusCodeDistribution": {
    "200": 10000
  },
  "errorDistribution": {}
}