{
  "summary": {
    "successRate": 1.0,
    "total": 21.345489542,
    "slowest": 0.453660083,
    "fastest": 0.053536125,
    "average": 0.21325695878280043,
    "requestsPerSec": 468.48304792090676,
    "totalData": 0,
    "sizePerRequest": 0,
    "sizePerSec": 0.0
  },
  "responseTimeHistogram": {
    "0.053536125": 1,
    "0.0935485208": 23,
    "0.1335609166": 22,
    "0.1735733124": 25,
    "0.2135857082": 5811,
    "0.253598104": 4020,
    "0.29361049980000004": 18,
    "0.3336228956": 26,
    "0.3736352914": 19,
    "0.4136476872": 24,
    "0.453660083": 11
  },
  "latencyPercentiles": {
    "p10": 0.20693775,
    "p25": 0.209887,
    "p50": 0.2126695,
    "p75": 0.21547075,
    "p90": 0.218291958,
    "p95": 0.220510958,
    "p99": 0.243714625,
    "p99.9": 0.417265542,
    "p99.99": 0.451969542
  },
  "rps": {
    "mean": 495.16760372204317,
    "stddev": 265.93675436413946,
    "max": 3670.1456589061513,
    "min": 6.583796767885124,
    "percentiles": {
      "p10": 206.75486760395796,
      "p25": 322.6254658174252,
      "p50": 468.3200967861205,
      "p75": 619.3974852255666,
      "p90": 779.8943243191,
      "p95": 938.1870754409547,
      "p99": 1347.3457289140322,
      "p99.9": 2290.7867420712373,
      "p99.99": 3670.1456589061513
    }
  },
  "details": {
    "DNSDialup": {
      "average": 0.002951935860000001,
      "fastest": 0.000371292,
      "slowest": 0.004815916
    },
    "DNSLookup": {
      "average": 8.85625e-6,
      "fastest": 4.17e-7,
      "slowest": 0.00030325
    }
  },
  "statusCodeDistribution": {
    "200": 10000
  },
  "errorDistribution": {}
}