{
  "summary": {
    "successRate": 1.0,
    "total": 24.083786083,
    "slowest": 0.511639083,
    "fastest": 0.059417833,
    "average": 0.24046751788220036,
    "requestsPerSec": 415.21710770627925,
    "totalData": 0,
    "sizePerRequest": 0,
    "sizePerSec": 0.0
  },
  "responseTimeHistogram": {
    "0.059417833": 1,
    "0.104639958": 7,
    "0.149862083": 25,
    "0.195084208": 30,
    "0.240306333": 6085,
    "0.28552845800000004": 3731,
    "0.33075058300000004": 37,
    "0.37597270800000004": 24,
    "0.42119483300000005": 22,
    "0.46641695800000005": 30,
    "0.511639083": 8
  },
  "latencyPercentiles": {
    "p10": 0.232860334,
    "p25": 0.23582025,
    "p50": 0.238921666,
    "p75": 0.242088083,
    "p90": 0.245469459,
    "p95": 0.249039333,
    "p99": 0.302559334,
    "p99.9": 0.461873375,
    "p99.99": 0.50861225
  },
  "rps": {
    "mean": 470.13288319394945,
    "stddev": 323.0951601519461,
    "max": 4135.079255687373,
    "min": 8.254627727969767,
    "percentiles": {
      "p10": 127.56660826667942,
      "p25": 299.3265452059224,
      "p50": 422.0540547841247,
      "p75": 586.966410847111,
      "p90": 773.3240328229692,
      "p95": 938.3983698153386,
      "p99": 1726.3458678709194,
      "p99.9": 3737.444522308859,
      "p99.99": 4135.079255687373
    }
  },
  "details": {
    "DNSDialup": {
      "average": 0.002741049210000001,
      "fastest": 0.00080325,
      "slowest": 0.004124625
    },
    "DNSLookup": {
      "average": 4.0908199999999996e-6,
      "fastest": 4.58e-7,
      "slowest": 0.000056375
    }
  },
  "statusCodeDistribution": {
    "200": 10000
  },
  "errorDistribution": {}
}