{
  "summary": {
    "successRate": 1.0,
    "total": 0.138713375,
    "slowest": 0.005328875,
    "fastest": 0.000104375,
    "average": 0.0013747263772999998,
    "requestsPerSec": 72091.10152499714,
    "totalData": 0,
    "sizePerRequest": 0,
    "sizePerSec": 0.0
  },
  "responseTimeHistogram": {
    "0.000104375": 1,
    "0.000626825": 200,
    "0.0011492750000000002": 3000,
    "0.0016717250000000002": 5428,
    "0.002194175": 400,
    "0.002716625": 696,
    "0.003239075": 175,
    "0.0037615250000000004": 10,
    "0.004283975000000001": 10,
    "0.0048064250000000005": 59,
    "0.005328875": 21
  },
  "latencyPercentiles": {
    "p10": 0.000988,
    "p25": 0.001112167,
    "p50": 0.001241916,
    "p75": 0.001423458,
    "p90": 0.002118167,
    "p95": 0.002486375,
    "p99": 0.003420667,
    "p99.9": 0.005076834,
    "p99.99": 0.005272
  },
  "rps": {
    "mean": 72169.05867319826,
    "stddev": 18732.024009605535,
    "max": 84065.56539671338,
    "min": 21543.895990097055,
    "percentiles": {
      "p10": 40226.650155728166,
      "p25": 76971.45013205889,
      "p50": 79830.599068623,
      "p75": 81845.37799342682,
      "p90": 83962.61932148997,
      "p95": 84065.56539671338,
      "p99": 84065.56539671338,
      "p99.9": 84065.56539671338,
      "p99.99": 84065.56539671338
    }
  },
  "details": {
    "DNSDialup": {
      "average": 0.0019694391799999996,
      "fastest": 0.000712542,
      "slowest": 0.002512917
    },
    "DNSLookup": {
      "average": 3.0662499999999984e-6,
      "fastest": 4.16e-7,
      "slowest": 0.000029209
    }
  },
  "statusCodeDistribution": {
    "202": 10000
  },
  "errorDistribution": {}
}