{
  "summary": {
    "successRate": 1.0,
    "total": 2.233815708,
    "slowest": 0.474515333,
    "fastest": 0.009956917,
    "average": 0.022293412528200114,
    "requestsPerSec": 4476.64503575064,
    "totalData": 0,
    "sizePerRequest": 0,
    "sizePerSec": 0.0
  },
  "responseTimeHistogram": {
    "0.009956917": 1,
    "0.0564127586": 9910,
    "0.1028686002": 65,
    "0.1493244418": 0,
    "0.1957802834": 3,
    "0.242236125": 0,
    "0.2886919666": 0,
    "0.3351478082": 0,
    "0.3816036498": 0,
    "0.4280594914": 20,
    "0.474515333": 1
  },
  "latencyPercentiles": {
    "p10": 0.017465834,
    "p25": 0.020213958,
    "p50": 0.021112291,
    "p75": 0.021945167,
    "p90": 0.022686416,
    "p95": 0.023367916,
    "p99": 0.051866459,
    "p99.9": 0.401859791,
    "p99.99": 0.402957
  },
  "rps": {
    "mean": 4575.932063309425,
    "stddev": 1516.8642940676539,
    "max": 13544.882245138098,
    "min": 22.61196455574556,
    "percentiles": {
      "p10": 2956.3678838950564,
      "p25": 3659.2029768023153,
      "p50": 4560.056366538613,
      "p75": 5468.9213068658055,
      "p90": 6068.114586230385,
      "p95": 6807.040715247255,
      "p99": 8715.41633082409,
      "p99.9": 13544.882245138098,
      "p99.99": 13544.882245138098
    }
  },
  "details": {
    "DNSDialup": {
      "average": 0.0030030908500000004,
      "fastest": 0.00039825,
      "slowest": 0.004798208
    },
    "DNSLookup": {
      "average": 2.692979999999999e-6,
      "fastest": 4.17e-7,
      "slowest": 0.000032792
    }
  },
  "statusCodeDistribution": {
    "202": 10000
  },
  "errorDistribution": {}
}