{
  "summary": {
    "successRate": 1.0,
    "total": 2.238083791,
    "slowest": 0.408493209,
    "fastest": 0.003408875,
    "average": 0.02234011232999998,
    "requestsPerSec": 4468.107959234132,
    "totalData": 0,
    "sizePerRequest": 0,
    "sizePerSec": 0.0
  },
  "responseTimeHistogram": {
    "0.003408875": 1,
    "0.0439173084": 9779,
    "0.08442574180000001": 195,
    "0.12493417520000001": 0,
    "0.1654426086": 0,
    "0.205951042": 0,
    "0.24645947540000002": 0,
    "0.2869679088": 0,
    "0.3274763422": 0,
    "0.3679847756": 2,
    "0.40849320899999997": 23
  },
  "latencyPercentiles": {
    "p10": 0.016386042,
    "p25": 0.018033875,
    "p50": 0.019304375,
    "p75": 0.021939292,
    "p90": 0.035893417,
    "p95": 0.037714125,
    "p99": 0.053775542,
    "p99.9": 0.398870459,
    "p99.99": 0.400217708
  },
  "rps": {
    "mean": 4585.520109676654,
    "stddev": 1309.224818155958,
    "max": 14590.256004523197,
    "min": 23.340877338297844,
    "percentiles": {
      "p10": 3483.9614709824436,
      "p25": 3952.8027246365054,
      "p50": 4472.411461854453,
      "p75": 5201.445067591844,
      "p90": 5919.259432106286,
      "p95": 6231.4169347599545,
      "p99": 7786.167176289847,
      "p99.9": 14590.256004523197,
      "p99.99": 14590.256004523197
    }
  },
  "details": {
    "DNSDialup": {
      "average": 0.003145377979999999,
      "fastest": 0.000561125,
      "slowest": 0.005287416
    },
    "DNSLookup": {
      "average": 4.443799999999997e-6,
      "fastest": 4.16e-7,
      "slowest": 0.000080417
    }
  },
  "statusCodeDistribution": {
    "202": 10000
  },
  "errorDistribution": {}
}