{
  "summary": {
    "successRate": 1.0,
    "total": 0.14145925,
    "slowest": 0.006428167,
    "fastest": 0.000105041,
    "average": 0.0013978589662000005,
    "requestsPerSec": 70691.73631275438,
    "totalData": 0,
    "sizePerRequest": 0,
    "sizePerSec": 0.0
  },
  "responseTimeHistogram": {
    "0.000105041": 1,
    "0.0007373536": 1787,
    "0.0013696662": 3769,
    "0.0020019788": 2571,
    "0.0026342914": 1404,
    "0.003266604": 336,
    "0.0038989166": 26,
    "0.0045312292": 14,
    "0.0051635418": 9,
    "0.0057958544": 34,
    "0.006428167": 49
  },
  "latencyPercentiles": {
    "p10": 0.000585917,
    "p25": 0.000858375,
    "p50": 0.001273292,
    "p75": 0.001806083,
    "p90": 0.002309292,
    "p95": 0.002596708,
    "p99": 0.004164041,
    "p99.9": 0.00626525,
    "p99.99": 0.006386791
  },
  "rps": {
    "mean": 70861.87555982977,
    "stddev": 17405.62785788084,
    "max": 82938.35899103334,
    "min": 19505.12009402468,
    "percentiles": {
      "p10": 43009.85577361696,
      "p25": 73248.02004967353,
      "p50": 77563.53813916484,
      "p75": 80524.15724717417,
      "p90": 81158.45253732162,
      "p95": 82938.35899103334,
      "p99": 82938.35899103334,
      "p99.9": 82938.35899103334,
      "p99.99": 82938.35899103334
    }
  },
  "details": {
    "DNSDialup": {
      "average": 0.0024986236599999993,
      "fastest": 0.000661792,
      "slowest": 0.003343
    },
    "DNSLookup": {
      "average": 5.127089999999996e-6,
      "fastest": 4.58e-7,
      "slowest": 0.0000875
    }
  },
  "statusCodeDistribution": {
    "200": 10000
  },
  "errorDistribution": {}
}