{
  "summary": {
    "successRate": 1.0,
    "total": 2.271285208,
    "slowest": 0.919992875,
    "fastest": 0.002008583,
    "average": 0.022678923636600058,
    "requestsPerSec": 4402.793609881159,
    "totalData": 0,
    "sizePerRequest": 0,
    "sizePerSec": 0.0
  },
  "responseTimeHistogram": {
    "0.002008583": 1,
    "0.0938070122": 9899,
    "0.18560544140000002": 0,
    "0.2774038706": 0,
    "0.3692022998": 0,
    "0.46100072900000005": 0,
    "0.5527991581999999": 0,
    "0.6445975874": 0,
    "0.7363960166": 0,
    "0.8281944458": 0,
    "0.919992875": 100
  },
  "latencyPercentiles": {
    "p10": 0.011205458,
    "p25": 0.012318834,
    "p50": 0.013511417,
    "p75": 0.014826791,
    "p90": 0.016519416,
    "p95": 0.017955125,
    "p99": 0.907788,
    "p99.9": 0.917228458,
    "p99.99": 0.91999225
  },
  "rps": {
    "mean": 7292.26348068195,
    "stddev": 1937.1636821891968,
    "max": 16866.508848042522,
    "min": 1.1204682660977676,
    "percentiles": {
      "p10": 4968.62549600476,
      "p25": 6044.173235675506,
      "p50": 7305.174985960162,
      "p75": 8353.847228465242,
      "p90": 9418.123306600515,
      "p95": 9751.061144889449,
      "p99": 11243.055405598512,
      "p99.9": 16866.508848042522,
      "p99.99": 16866.508848042522
    }
  },
  "details": {
    "DNSDialup": {
      "average": 0.00211043706,
      "fastest": 0.000318666,
      "slowest": 0.002611875
    },
    "DNSLookup": {
      "average": 4.795000000000001e-6,
      "fastest": 4.58e-7,
      "slowest": 0.000125166
    }
  },
  "statusCodeDistribution": {
    "202": 10000
  },
  "errorDistribution": {}
}