{
  "summary": {
    "successRate": 1.0,
    "total": 0.123764625,
    "slowest": 0.007043958,
    "fastest": 0.000076042,
    "average": 0.0012224456766000045,
    "requestsPerSec": 80798.53189067554,
    "totalData": 0,
    "sizePerRequest": 0,
    "sizePerSec": 0.0
  },
  "responseTimeHistogram": {
    "0.000076042": 1,
    "0.0007728336": 2604,
    "0.0014696251999999999": 4729,
    "0.0021664168000000003": 2003,
    "0.0028632084": 408,
    "0.00356": 143,
    "0.0042567916": 14,
    "0.0049535832": 12,
    "0.0056503748": 14,
    "0.0063471664": 46,
    "0.0070439579999999995": 26
  },
  "latencyPercentiles": {
    "p10": 0.0004995,
    "p25": 0.000757709,
    "p50": 0.001086584,
    "p75": 0.001509292,
    "p90": 0.002051375,
    "p95": 0.002320916,
    "p99": 0.004052917,
    "p99.9": 0.006859083,
    "p99.99": 0.007034584
  },
  "rps": {
    "mean": 81243.85864573422,
    "stddev": 26403.1124003786,
    "max": 97443.04059102907,
    "min": 17841.034379071865,
    "percentiles": {
      "p10": 41120.38748811661,
      "p25": 89912.05037785202,
      "p50": 94451.94857171454,
      "p75": 95543.78771791105,
      "p90": 96208.23426354644,
      "p95": 97443.04059102907,
      "p99": 97443.04059102907,
      "p99.9": 97443.04059102907,
      "p99.99": 97443.04059102907
    }
  },
  "details": {
    "DNSDialup": {
      "average": 0.00216930379,
      "fastest": 0.000543792,
      "slowest": 0.002846083
    },
    "DNSLookup": {
      "average": 5.685879999999999e-6,
      "fastest": 4.17e-7,
      "slowest": 0.00010125
    }
  },
  "statusCodeDistribution": {
    "202": 10000
  },
  "errorDistribution": {}
}