{
  "summary": {
    "successRate": 1.0,
    "total": 0.157184959,
    "slowest": 0.007245542,
    "fastest": 0.000183916,
    "average": 0.0015593911469000007,
    "requestsPerSec": 63619.31869066428,
    "totalData": 0,
    "sizePerRequest": 0,
    "sizePerSec": 0.0
  },
  "responseTimeHistogram": {
    "0.000183916": 1,
    "0.0008900786": 413,
    "0.0015962412": 6287,
    "0.0023024038": 2749,
    "0.0030085664": 353,
    "0.003714729": 75,
    "0.0044208916": 32,
    "0.0051270542": 6,
    "0.0058332168": 12,
    "0.0065393794": 28,
    "0.007245542": 44
  },
  "latencyPercentiles": {
    "p10": 0.001103625,
    "p25": 0.001288417,
    "p50": 0.001462417,
    "p75": 0.001685541,
    "p90": 0.002071958,
    "p95": 0.002330542,
    "p99": 0.004164666,
    "p99.9": 0.00712225,
    "p99.99": 0.00723425
  },
  "rps": {
    "mean": 63698.093524099386,
    "stddev": 14660.750357816976,
    "max": 80719.17080306576,
    "min": 14872.582939690463,
    "percentiles": {
      "p10": 47811.15912453966,
      "p25": 65348.253914762565,
      "p50": 66772.41483495732,
      "p75": 70225.15714639582,
      "p90": 71491.0756317014,
      "p95": 80719.17080306576,
      "p99": 80719.17080306576,
      "p99.9": 80719.17080306576,
      "p99.99": 80719.17080306576
    }
  },
  "details": {
    "DNSDialup": {
      "average": 0.0023906375900000004,
      "fastest": 0.000542458,
      "slowest": 0.003189375
    },
    "DNSLookup": {
      "average": 8.297469999999998e-6,
      "fastest": 4.17e-7,
      "slowest": 0.000185458
    }
  },
  "statusCodeDistribution": {
    "200": 10000
  },
  "errorDistribution": {}
}