{
  "summary": {
    "successRate": 1.0,
    "total": 0.094567417,
    "slowest": 0.008091708,
    "fastest": 0.000502584,
    "average": 0.000932834741500003,
    "requestsPerSec": 105744.66679152292,
    "totalData": 0,
    "sizePerRequest": 0,
    "sizePerSec": 0.0
  },
  "responseTimeHistogram": {
    "0.000502584": 1,
    "0.0012614964": 9084,
    "0.0020204088": 52,
    "0.0027793212": 675,
    "0.0035382335999999998": 46,
    "0.004297146": 32,
    "0.0050560584000000006": 29,
    "0.0058149708": 5,
    "0.0065738832": 22,
    "0.0073327956": 33,
    "0.008091708": 21
  },
  "latencyPercentiles": {
    "p10": 0.000684334,
    "p25": 0.000707541,
    "p50": 0.000734916,
    "p75": 0.00077825,
    "p90": 0.000886333,
    "p95": 0.002340792,
    "p99": 0.004609042,
    "p99.9": 0.007597417,
    "p99.99": 0.00779025
  },
  "rps": {
    "mean": 107554.04374759554,
    "stddev": 47242.019345532266,
    "max": 141212.8692279238,
    "min": 12038.238706538797,
    "percentiles": {
      "p10": 41519.20263121693,
      "p25": 74805.92462923065,
      "p50": 135472.81663894333,
      "p75": 137856.28672186853,
      "p90": 141212.8692279238,
      "p95": 141212.8692279238,
      "p99": 141212.8692279238,
      "p99.9": 141212.8692279238,
      "p99.99": 141212.8692279238
    }
  },
  "details": {
    "DNSDialup": {
      "average": 0.0024317083599999997,
      "fastest": 0.000388667,
      "slowest": 0.003397625
    },
    "DNSLookup": {
      "average": 6.832900000000001e-6,
      "fastest": 3.75e-7,
      "slowest": 0.000238709
    }
  },
  "statusCodeDistribution": {
    "200": 10000
  },
  "errorDistribution": {}
}