{
  "summary": {
    "successRate": 1.0,
    "total": 3.720152292,
    "slowest": 1.39497475,
    "fastest": 0.003327125,
    "average": 0.03714876604560005,
    "requestsPerSec": 2688.061997221054,
    "totalData": 0,
    "sizePerRequest": 0,
    "sizePerSec": 0.0
  },
  "responseTimeHistogram": {
    "0.003327125": 1,
    "0.1424918875": 9799,
    "0.28165665": 0,
    "0.42082141250000005": 0,
    "0.559986175": 0,
    "0.6991509375": 0,
    "0.8383157000000001": 100,
    "0.9774804625000001": 0,
    "1.116645225": 0,
    "1.2558099875000002": 0,
    "1.39497475": 100
  },
  "latencyPercentiles": {
    "p10": 0.015210792,
    "p25": 0.015641875,
    "p50": 0.016127541,
    "p75": 0.016662541,
    "p90": 0.017294375,
    "p95": 0.018104833,
    "p99": 1.386507875,
    "p99.9": 1.3944135,
    "p99.99": 1.3948350409999999
  },
  "rps": {
    "mean": 6049.610791033604,
    "stddev": 1013.7493669997702,
    "max": 10989.82967936366,
    "min": 0.7294028046703425,
    "percentiles": {
      "p10": 5431.580026133131,
      "p25": 5877.683580579482,
      "p50": 6179.35340259003,
      "p75": 6431.703151172562,
      "p90": 6752.456067524556,
      "p95": 6933.802286145057,
      "p99": 7274.283269148376,
      "p99.9": 10989.82967936366,
      "p99.99": 10989.82967936366
    }
  },
  "details": {
    "DNSDialup": {
      "average": 0.0020471000099999996,
      "fastest": 0.000657542,
      "slowest": 0.002617625
    },
    "DNSLookup": {
      "average": 4.3645499999999996e-6,
      "fastest": 4.16e-7,
      "slowest": 0.000126875
    }
  },
  "statusCodeDistribution": {
    "202": 10000
  },
  "errorDistribution": {}
}